PPV_A_e,PPV_A_ne,PPV_B_e,PPV_B_ne,RR
0.446666666666667,0.353333333333333,0.12,0.18,1.25266272254503
0.406666666666667,0.326666666666667,0.08,0.2,1.11893325075093
0.4,0.386666666666667,0.12,0.226666666666667,0.99600755005955
0.386666666666667,0.373333333333333,0.126666666666667,0.246666666666667,0.969906646380158
0.413333333333333,0.346666666666667,0.12,0.186666666666667,1.17434374544957
0.42,0.306666666666667,0.133333333333333,0.246666666666667,1.1829102824342
0.486666666666667,0.3,0.106666666666667,0.253333333333333,1.30506388611254
0.446666666666667,0.36,0.14,0.26,1.11603032063709
0.42,0.34,0.106666666666667,0.213333333333333,1.13473906764905
0.446666666666667,0.346666666666667,0.12,0.28,1.08361432103845
0.373333333333333,0.38,0.12,0.213333333333333,0.969981024027295
0.5,0.286666666666667,0.106666666666667,0.186666666666667,1.54778119631599
0.513333333333333,0.28,0.113333333333333,0.293333333333333,1.34054279099792
0.406666666666667,0.333333333333333,0.133333333333333,0.18,1.2235938699953
0.48,0.32,0.146666666666667,0.22,1.3690595495543
0.466666666666667,0.273333333333333,0.126666666666667,0.24,1.38839335183287
0.533333333333333,0.406666666666667,0.1,0.22,1.22195836725419
0.446666666666667,0.266666666666667,0.113333333333333,0.26,1.28848559558051
0.42,0.32,0.0733333333333333,0.166666666666667,1.22892072569894
0.453333333333333,0.34,0.16,0.273333333333333,1.17248754267988
0.373333333333333,0.373333333333333,0.0733333333333333,0.166666666666667,0.991207020522727
0.5,0.4,0.12,0.186666666666667,1.25228275407742
0.42,0.28,0.106666666666667,0.213333333333333,1.28170010552013
0.48,0.3,0.106666666666667,0.313333333333333,1.17250684184408
0.46,0.36,0.133333333333333,0.266666666666667,1.12460193728601
0.52,0.253333333333333,0.113333333333333,0.286666666666667,1.44382821228738
0.386666666666667,0.306666666666667,0.0666666666666667,0.286666666666667,0.946596884059584
0.393333333333333,0.366666666666667,0.0866666666666667,0.266666666666667,0.917031953396016
0.433333333333333,0.32,0.113333333333333,0.173333333333333,1.31165429318472
0.48,0.386666666666667,0.153333333333333,0.226666666666667,1.20703979558656
0.446666666666667,0.273333333333333,0.106666666666667,0.206666666666667,1.38947723599121
0.453333333333333,0.26,0.106666666666667,0.246666666666667,1.3448805944145
0.386666666666667,0.28,0.1,0.226666666666667,1.15429839836561
0.46,0.32,0.106666666666667,0.226666666666667,1.24889597858025
0.386666666666667,0.38,0.12,0.22,0.988960024692741
0.48,0.313333333333333,0.0666666666666667,0.206666666666667,1.29949534714397
0.46,0.353333333333333,0.1,0.206666666666667,1.2016473739052
0.493333333333333,0.393333333333333,0.0933333333333333,0.213333333333333,1.16874074232152
0.453333333333333,0.333333333333333,0.14,0.2,1.30501467087416
0.413333333333333,0.353333333333333,0.153333333333333,0.193333333333333,1.1936162262684
0.433333333333333,0.293333333333333,0.126666666666667,0.226666666666667,1.28031299707998
0.406666666666667,0.32,0.113333333333333,0.233333333333333,1.11889798304589
0.366666666666667,0.346666666666667,0.12,0.26,0.944133727387975
0.386666666666667,0.366666666666667,0.14,0.28,0.950995048934945
0.533333333333333,0.326666666666667,0.14,0.22,1.46869410630283
0.58,0.373333333333333,0.1,0.226666666666667,1.38210597622742
0.466666666666667,0.346666666666667,0.126666666666667,0.26,1.16793242983355
0.473333333333333,0.286666666666667,0.14,0.246666666666667,1.37142485334817
0.4,0.36,0.106666666666667,0.193333333333333,1.08203183972545
0.493333333333333,0.286666666666667,0.12,0.253333333333333,1.37526743024077
0.42,0.306666666666667,0.106666666666667,0.246666666666667,1.14501366547521
0.413333333333333,0.333333333333333,0.153333333333333,0.213333333333333,1.20012559141648
0.486666666666667,0.34,0.1,0.22,1.26774576570461
0.466666666666667,0.373333333333333,0.1,0.246666666666667,1.10399639124418
0.486666666666667,0.413333333333333,0.0933333333333333,0.206666666666667,1.12667145012675
0.46,0.286666666666667,0.113333333333333,0.186666666666667,1.44901699996372
0.46,0.32,0.113333333333333,0.246666666666667,1.2177894240961
0.493333333333333,0.306666666666667,0.133333333333333,0.186666666666667,1.50607070230445
0.466666666666667,0.373333333333333,0.0933333333333333,0.233333333333333,1.11747366122605
0.44,0.28,0.106666666666667,0.266666666666667,1.21453134372961
0.406666666666667,0.326666666666667,0.08,0.226666666666667,1.06976789091506
0.46,0.326666666666667,0.08,0.213333333333333,1.2220846298882
0.433333333333333,0.313333333333333,0.126666666666667,0.253333333333333,1.17684683555371
0.486666666666667,0.313333333333333,0.0933333333333333,0.253333333333333,1.25378668574011
0.526666666666667,0.386666666666667,0.113333333333333,0.206666666666667,1.29300455418729
0.453333333333333,0.306666666666667,0.1,0.253333333333333,1.20111713964459
0.406666666666667,0.333333333333333,0.113333333333333,0.213333333333333,1.12723493173673
0.466666666666667,0.34,0.0933333333333333,0.18,1.29629365782061
0.466666666666667,0.346666666666667,0.0933333333333333,0.286666666666667,1.08137661445815
0.413333333333333,0.353333333333333,0.16,0.26,1.08359204590972
0.473333333333333,0.306666666666667,0.14,0.213333333333333,1.39560296545252
0.446666666666667,0.326666666666667,0.14,0.22,1.26254432176981
0.44,0.34,0.113333333333333,0.186666666666667,1.24554180746689
0.493333333333333,0.353333333333333,0.146666666666667,0.286666666666667,1.18945511633569
0.46,0.386666666666667,0.113333333333333,0.286666666666667,1.02340534206652
0.493333333333333,0.426666666666667,0.12,0.213333333333333,1.13708991137978
0.46,0.353333333333333,0.153333333333333,0.286666666666667,1.12946035874096
0.373333333333333,0.36,0.126666666666667,0.24,0.973672927866786
0.406666666666667,0.346666666666667,0.1,0.26,1.00434873050823
0.466666666666667,0.32,0.113333333333333,0.22,1.28866677215746
0.393333333333333,0.393333333333333,0.1,0.206666666666667,0.974211809797768
0.446666666666667,0.433333333333333,0.113333333333333,0.246666666666667,0.978548302509936
0.486666666666667,0.346666666666667,0.0866666666666667,0.34,1.03452104501816
0.46,0.326666666666667,0.0866666666666667,0.213333333333333,1.23171926191523
0.52,0.313333333333333,0.106666666666667,0.266666666666667,1.32080144938147
0.58,0.293333333333333,0.1,0.206666666666667,1.66734768540735
0.48,0.333333333333333,0.0866666666666667,0.213333333333333,1.26331106611955
0.38,0.286666666666667,0.0933333333333333,0.3,0.982532926066225
0.493333333333333,0.3,0.14,0.233333333333333,1.41529692485653
0.406666666666667,0.313333333333333,0.106666666666667,0.206666666666667,1.17630490193509
0.5,0.346666666666667,0.1,0.173333333333333,1.38625415901078
0.453333333333333,0.36,0.106666666666667,0.166666666666667,1.26130636508949
0.466666666666667,0.333333333333333,0.133333333333333,0.32,1.10263271630482
0.513333333333333,0.346666666666667,0.16,0.24,1.35220370123064
0.42,0.306666666666667,0.0733333333333333,0.2,1.18961417880614
0.493333333333333,0.293333333333333,0.12,0.24,1.38845070296369
0.493333333333333,0.373333333333333,0.106666666666667,0.24,1.17982750766332
0.506666666666667,0.353333333333333,0.0866666666666667,0.22,1.26369418343342
0.533333333333333,0.34,0.146666666666667,0.18,1.54107484714745
0.4,0.32,0.113333333333333,0.226666666666667,1.11546151572579
0.406666666666667,0.326666666666667,0.113333333333333,0.253333333333333,1.06987302073368
0.406666666666667,0.34,0.126666666666667,0.24,1.08418457996803
0.4,0.446666666666667,0.0933333333333333,0.293333333333333,0.800696162858559
0.553333333333333,0.406666666666667,0.1,0.286666666666667,1.15234212710696
0.48,0.286666666666667,0.12,0.2,1.47703658701723
0.566666666666667,0.333333333333333,0.126666666666667,0.266666666666667,1.40181592163493
0.46,0.3,0.1,0.246666666666667,1.24617174823952
0.48,0.353333333333333,0.113333333333333,0.213333333333333,1.25284999692512
0.493333333333333,0.346666666666667,0.1,0.266666666666667,1.17899178929616
0.513333333333333,0.306666666666667,0.1,0.313333333333333,1.22140266562026
0.493333333333333,0.353333333333333,0.0533333333333333,0.166666666666667,1.29789671592091
0.453333333333333,0.346666666666667,0.153333333333333,0.26,1.17371765435442
0.4,0.28,0.113333333333333,0.173333333333333,1.33865040595276
0.446666666666667,0.386666666666667,0.113333333333333,0.22,1.09681681891759
0.413333333333333,0.386666666666667,0.113333333333333,0.313333333333333,0.900378822120756
0.446666666666667,0.313333333333333,0.106666666666667,0.273333333333333,1.14290437158749
0.486666666666667,0.386666666666667,0.12,0.246666666666667,1.14501271746301
0.386666666666667,0.293333333333333,0.1,0.26,1.06053717487411
0.52,0.36,0.113333333333333,0.246666666666667,1.26130115617903
0.42,0.286666666666667,0.106666666666667,0.206666666666667,1.27910723085654
0.453333333333333,0.346666666666667,0.12,0.2,1.24302795721196
0.46,0.326666666666667,0.106666666666667,0.273333333333333,1.14489212259344
0.486666666666667,0.386666666666667,0.113333333333333,0.293333333333333,1.0654422338251
0.413333333333333,0.286666666666667,0.133333333333333,0.293333333333333,1.12360693900903
0.486666666666667,0.32,0.12,0.206666666666667,1.37751587315862
0.4,0.34,0.113333333333333,0.213333333333333,1.09724664341472
0.4,0.333333333333333,0.1,0.226666666666667,1.06868902987999
0.433333333333333,0.293333333333333,0.146666666666667,0.32,1.12558811602077
0.473333333333333,0.3,0.166666666666667,0.22,1.43847187669784
0.446666666666667,0.353333333333333,0.1,0.286666666666667,1.0366343385008
0.446666666666667,0.34,0.106666666666667,0.226666666666667,1.17160044308279
0.433333333333333,0.32,0.12,0.273333333333333,1.11740487442941
0.486666666666667,0.333333333333333,0.166666666666667,0.18,1.47502951526197
0.453333333333333,0.266666666666667,0.113333333333333,0.22,1.40360386900378
0.446666666666667,0.306666666666667,0.0733333333333333,0.246666666666667,1.16071763698372
0.406666666666667,0.406666666666667,0.133333333333333,0.253333333333333,0.956387819516404
0.46,0.346666666666667,0.106666666666667,0.233333333333333,1.17495205420635
0.46,0.36,0.12,0.26,1.11879929356674
0.473333333333333,0.26,0.0733333333333333,0.233333333333333,1.37826468798323
0.493333333333333,0.34,0.106666666666667,0.226666666666667,1.27864740504734
0.42,0.373333333333333,0.126666666666667,0.226666666666667,1.07121927012359
0.426666666666667,0.373333333333333,0.113333333333333,0.253333333333333,1.02690178916205
0.526666666666667,0.346666666666667,0.06,0.32,1.11043563080622
0.466666666666667,0.313333333333333,0.0733333333333333,0.293333333333333,1.10810850920057
0.406666666666667,0.313333333333333,0.12,0.206666666666667,1.19632238076736
0.413333333333333,0.32,0.0733333333333333,0.246666666666667,1.05475545535609
0.46,0.273333333333333,0.0866666666666667,0.2,1.41098332786768
0.46,0.306666666666667,0.1,0.2,1.33322579061433
0.44,0.34,0.12,0.286666666666667,1.07140219941251
0.453333333333333,0.266666666666667,0.14,0.226666666666667,1.42877369926781
0.413333333333333,0.326666666666667,0.133333333333333,0.22,1.17372832178717
0.44,0.366666666666667,0.0933333333333333,0.233333333333333,1.07293393625887
0.493333333333333,0.346666666666667,0.146666666666667,0.24,1.29005653421392
0.46,0.373333333333333,0.0866666666666667,0.253333333333333,1.06283267586865
0.473333333333333,0.34,0.0933333333333333,0.233333333333333,1.20152462720009
0.393333333333333,0.4,0.0866666666666667,0.22,0.927555884754905
0.393333333333333,0.346666666666667,0.126666666666667,0.26,1.0101339550291
0.44,0.36,0.12,0.22,1.14414607160541
0.486666666666667,0.3,0.12,0.206666666666667,1.4352063434431
0.473333333333333,0.333333333333333,0.1,0.3,1.10696001892595
0.366666666666667,0.34,0.0866666666666667,0.24,0.9403825259163
0.5,0.3,0.0933333333333333,0.22,1.39484258385519
0.413333333333333,0.346666666666667,0.0533333333333333,0.22,1.01984320899481
0.473333333333333,0.22,0.106666666666667,0.193333333333333,1.70735360799204
0.446666666666667,0.3,0.0866666666666667,0.213333333333333,1.26584224018703
0.426666666666667,0.333333333333333,0.0933333333333333,0.233333333333333,1.10929533190129
0.44,0.326666666666667,0.1,0.28,1.08142008123371
0.486666666666667,0.313333333333333,0.106666666666667,0.2,1.39245301725977
0.46,0.306666666666667,0.113333333333333,0.233333333333333,1.27731466877841
0.42,0.313333333333333,0.16,0.213333333333333,1.27481745700117
0.453333333333333,0.333333333333333,0.113333333333333,0.226666666666667,1.21118090053066
0.413333333333333,0.32,0.0866666666666667,0.246666666666667,1.07322879687737
0.453333333333333,0.386666666666667,0.1,0.226666666666667,1.08317571974733
0.426666666666667,0.36,0.0933333333333333,0.24,1.04582787528179
0.426666666666667,0.36,0.126666666666667,0.253333333333333,1.06761585133227
0.506666666666667,0.246666666666667,0.1,0.22,1.595639106818
0.433333333333333,0.4,0.0933333333333333,0.186666666666667,1.0712834128521
0.54,0.306666666666667,0.0666666666666667,0.22,1.43541933256149
0.453333333333333,0.286666666666667,0.0933333333333333,0.206666666666667,1.34601672134821
0.486666666666667,0.393333333333333,0.0333333333333333,0.193333333333333,1.11097891281678
0.473333333333333,0.4,0.133333333333333,0.26,1.08900852400179
0.433333333333333,0.34,0.08,0.313333333333333,0.969296211996706
0.466666666666667,0.28,0.14,0.24,1.38956649387164
0.413333333333333,0.36,0.08,0.28,0.942388326040834
0.526666666666667,0.326666666666667,0.1,0.173333333333333,1.51332927972376
0.473333333333333,0.286666666666667,0.1,0.22,1.37550459352074
0.446666666666667,0.34,0.113333333333333,0.226666666666667,1.18078844888596
0.466666666666667,0.42,0.0666666666666667,0.186666666666667,1.07095392615965
0.506666666666667,0.346666666666667,0.173333333333333,0.286666666666667,1.26355427937531
0.466666666666667,0.326666666666667,0.153333333333333,0.233333333333333,1.30028829696816
0.44,0.373333333333333,0.0733333333333333,0.28,0.967199492685487
0.446666666666667,0.273333333333333,0.106666666666667,0.233333333333333,1.32228989267825
0.44,0.333333333333333,0.12,0.226666666666667,1.18951393375772
0.46,0.32,0.0866666666666667,0.3,1.08719038988801
0.42,0.38,0.1,0.24,1.00457718962275
0.433333333333333,0.42,0.113333333333333,0.26,0.955984619089473
0.446666666666667,0.306666666666667,0.0933333333333333,0.22,1.24410230716976
0.48,0.306666666666667,0.0666666666666667,0.253333333333333,1.21664956251053
0.426666666666667,0.38,0.113333333333333,0.213333333333333,1.07739833555597
0.413333333333333,0.28,0.113333333333333,0.24,1.21459025031119
0.453333333333333,0.286666666666667,0.0866666666666667,0.246666666666667,1.24338762638869
0.466666666666667,0.373333333333333,0.126666666666667,0.226666666666667,1.17198490780052
0.44,0.306666666666667,0.126666666666667,0.253333333333333,1.20740691747547
0.453333333333333,0.32,0.0666666666666667,0.2,1.23050748767218
0.513333333333333,0.34,0.113333333333333,0.226666666666667,1.33371268026388
0.433333333333333,0.313333333333333,0.126666666666667,0.26,1.16428795491234
0.52,0.313333333333333,0.0933333333333333,0.213333333333333,1.42287917303488
0.453333333333333,0.36,0.12,0.253333333333333,1.11573610548964
0.486666666666667,0.386666666666667,0.0866666666666667,0.206666666666667,1.17121325373584
0.453333333333333,0.326666666666667,0.12,0.26,1.17173331869012
0.48,0.28,0.12,0.28,1.30093544706117
0.4,0.366666666666667,0.113333333333333,0.233333333333333,1.01240994334012
0.406666666666667,0.366666666666667,0.113333333333333,0.326666666666667,0.899631471392589
0.493333333333333,0.426666666666667,0.0933333333333333,0.286666666666667,1.00142959731901
0.526666666666667,0.32,0.113333333333333,0.233333333333333,1.4017100263081
0.46,0.42,0.106666666666667,0.253333333333333,1.00816391334515
0.48,0.366666666666667,0.133333333333333,0.286666666666667,1.12086799012652
0.466666666666667,0.353333333333333,0.08,0.26,1.09479597349154
0.486666666666667,0.34,0.0933333333333333,0.24,1.21886843848853
0.46,0.386666666666667,0.14,0.26,1.09405480341297
0.433333333333333,0.406666666666667,0.106666666666667,0.233333333333333,1.00496103491703
0.473333333333333,0.313333333333333,0.153333333333333,0.26,1.29232257103047
0.466666666666667,0.333333333333333,0.133333333333333,0.16,1.4245761604353
0.46,0.3,0.14,0.24,1.31850894203835
0.54,0.293333333333333,0.0866666666666667,0.186666666666667,1.60069333149234
0.486666666666667,0.36,0.113333333333333,0.206666666666667,1.2658735196126
0.466666666666667,0.346666666666667,0.12,0.226666666666667,1.22063581927955
0.433333333333333,0.366666666666667,0.12,0.24,1.08223807222328
0.473333333333333,0.373333333333333,0.106666666666667,0.206666666666667,1.19662830082932
0.426666666666667,0.386666666666667,0.0933333333333333,0.193333333333333,1.0712300989009
0.52,0.34,0.0733333333333333,0.226666666666667,1.29387706858265
0.48,0.353333333333333,0.0866666666666667,0.193333333333333,1.25645898906713
0.533333333333333,0.313333333333333,0.113333333333333,0.173333333333333,1.59592852657142
0.426666666666667,0.28,0.113333333333333,0.233333333333333,1.26310887801834
0.413333333333333,0.393333333333333,0.146666666666667,0.233333333333333,1.03585742934625
0.42,0.34,0.08,0.213333333333333,1.0971825099487
0.52,0.286666666666667,0.0933333333333333,0.206666666666667,1.52217042569675
0.44,0.32,0.1,0.253333333333333,1.14091083110009
0.48,0.346666666666667,0.106666666666667,0.253333333333333,1.18264896303726
0.5,0.313333333333333,0.106666666666667,0.22,1.37738124267214
0.433333333333333,0.433333333333333,0.06,0.186666666666667,0.969759433984483
0.433333333333333,0.3,0.113333333333333,0.253333333333333,1.1881768821416
0.433333333333333,0.266666666666667,0.12,0.273333333333333,1.23623912558555
0.406666666666667,0.346666666666667,0.133333333333333,0.22,1.11464037055136
0.453333333333333,0.306666666666667,0.166666666666667,0.233333333333333,1.33869505467235
0.493333333333333,0.366666666666667,0.106666666666667,0.213333333333333,1.24328002237535
0.46,0.28,0.0666666666666667,0.226666666666667,1.29202905893081
0.44,0.373333333333333,0.12,0.286666666666667,1.01376441616777
0.466666666666667,0.333333333333333,0.126666666666667,0.206666666666667,1.30316294244518
0.44,0.406666666666667,0.126666666666667,0.26,1.00479128991965
0.42,0.346666666666667,0.173333333333333,0.233333333333333,1.175074730011
0.413333333333333,0.346666666666667,0.1,0.16,1.19947131759302
0.453333333333333,0.353333333333333,0.0733333333333333,0.22,1.12495217233018
0.52,0.393333333333333,0.133333333333333,0.22,1.26403628326999
0.486666666666667,0.34,0.12,0.253333333333333,1.22907273801416
0.44,0.333333333333333,0.14,0.2,1.2726390964956
0.453333333333333,0.34,0.106666666666667,0.3,1.06179181767226
0.5,0.32,0.0866666666666667,0.226666666666667,1.31558061094981
0.433333333333333,0.386666666666667,0.1,0.293333333333333,0.947627646773428
0.466666666666667,0.273333333333333,0.1,0.233333333333333,1.36369807302507
0.366666666666667,0.313333333333333,0.14,0.213333333333333,1.11340698500799
0.486666666666667,0.32,0.146666666666667,0.22,1.38512491868418
0.473333333333333,0.34,0.106666666666667,0.186666666666667,1.31743627520571
0.413333333333333,0.306666666666667,0.106666666666667,0.226666666666667,1.16794320608098
0.513333333333333,0.306666666666667,0.1,0.193333333333333,1.48775368714463
0.406666666666667,0.366666666666667,0.0866666666666667,0.206666666666667,1.03394399708115
0.48,0.34,0.1,0.246666666666667,1.20030524479883
0.446666666666667,0.34,0.0733333333333333,0.193333333333333,1.1893562208992
0.513333333333333,0.253333333333333,0.106666666666667,0.233333333333333,1.56076625556807
0.44,0.34,0.08,0.24,1.09607591942317
0.486666666666667,0.306666666666667,0.153333333333333,0.34,1.18568463373669
0.48,0.28,0.0733333333333333,0.22,1.37058954011721
0.46,0.28,0.0933333333333333,0.166666666666667,1.49584852193635
0.42,0.353333333333333,0.0866666666666667,0.18,1.13991061312263
0.453333333333333,0.286666666666667,0.12,0.24,1.30768069708349
0.5,0.34,0.106666666666667,0.233333333333333,1.28022734869896
0.46,0.326666666666667,0.113333333333333,0.2,1.29944761795763
0.44,0.446666666666667,0.12,0.273333333333333,0.921717020419185
0.46,0.28,0.14,0.246666666666667,1.3567638985853
0.466666666666667,0.373333333333333,0.12,0.246666666666667,1.12918122529493
0.473333333333333,0.36,0.0733333333333333,0.18,1.23316661341193
0.513333333333333,0.34,0.153333333333333,0.153333333333333,1.57432928340303
0.433333333333333,0.36,0.0933333333333333,0.24,1.06027071935637
0.433333333333333,0.32,0.106666666666667,0.186666666666667,1.27014829442778
0.44,0.306666666666667,0.106666666666667,0.26,1.16655164335598
0.406666666666667,0.246666666666667,0.14,0.193333333333333,1.45845252404253
0.413333333333333,0.433333333333333,0.106666666666667,0.3,0.847393234509747
0.4,0.373333333333333,0.0933333333333333,0.206666666666667,1.01550607978036
0.42,0.353333333333333,0.0933333333333333,0.24,1.04367384517572
0.46,0.333333333333333,0.113333333333333,0.246666666666667,1.18801021716607
0.346666666666667,0.293333333333333,0.113333333333333,0.22,1.05474769120874
0.44,0.38,0.1,0.246666666666667,1.03630194006594
0.473333333333333,0.366666666666667,0.1,0.273333333333333,1.08777786560162
0.413333333333333,0.32,0.146666666666667,0.226666666666667,1.19495975103013
0.48,0.306666666666667,0.0533333333333333,0.273333333333333,1.15989645847493
0.453333333333333,0.366666666666667,0.1,0.226666666666667,1.12176386488062
0.453333333333333,0.393333333333333,0.08,0.253333333333333,1.00661606586222
0.433333333333333,0.393333333333333,0.08,0.273333333333333,0.940027300387067
0.52,0.34,0.0733333333333333,0.24,1.26674101313966
0.393333333333333,0.386666666666667,0.0933333333333333,0.246666666666667,0.920923730729913
0.493333333333333,0.346666666666667,0.113333333333333,0.266666666666667,1.19605824043024
0.46,0.406666666666667,0.133333333333333,0.24,1.0810085616579
0.433333333333333,0.326666666666667,0.166666666666667,0.266666666666667,1.17739885329665
0.486666666666667,0.333333333333333,0.14,0.28,1.21996822704989
0.426666666666667,0.32,0.0866666666666667,0.3,1.01641959818455
0.486666666666667,0.34,0.0733333333333333,0.186666666666667,1.30102650490896
0.46,0.293333333333333,0.12,0.2,1.40312829170454
0.453333333333333,0.353333333333333,0.0933333333333333,0.206666666666667,1.17698944420622
0.446666666666667,0.306666666666667,0.126666666666667,0.24,1.25032009545061
0.46,0.313333333333333,0.1,0.173333333333333,1.38007557781454
0.466666666666667,0.386666666666667,0.133333333333333,0.24,1.13126944681879
0.473333333333333,0.353333333333333,0.12,0.233333333333333,1.20808357076558
0.44,0.293333333333333,0.0866666666666667,0.253333333333333,1.1812215124196
0.46,0.346666666666667,0.0933333333333333,0.253333333333333,1.12176333223644
0.506666666666667,0.3,0.153333333333333,0.3,1.31689857645
0.466666666666667,0.34,0.08,0.253333333333333,1.13221710570528
0.486666666666667,0.353333333333333,0.153333333333333,0.233333333333333,1.28197457446518
0.433333333333333,0.306666666666667,0.0666666666666667,0.26,1.09550733722091
0.393333333333333,0.3,0.06,0.246666666666667,1.02884614334024
0.46,0.326666666666667,0.113333333333333,0.18,1.34583753142028
0.466666666666667,0.373333333333333,0.106666666666667,0.233333333333333,1.13459873823431
0.493333333333333,0.313333333333333,0.106666666666667,0.226666666666667,1.34575875237931
0.466666666666667,0.266666666666667,0.08,0.246666666666667,1.31925576176897
0.426666666666667,0.28,0.126666666666667,0.253333333333333,1.23924209693408
0.453333333333333,0.313333333333333,0.106666666666667,0.273333333333333,1.15782223659816
0.433333333333333,0.426666666666667,0.08,0.246666666666667,0.924683978922585
0.453333333333333,0.306666666666667,0.14,0.18,1.42906127160341
0.5,0.333333333333333,0.133333333333333,0.2,1.40860322205614
0.466666666666667,0.386666666666667,0.126666666666667,0.246666666666667,1.11223698398964
0.453333333333333,0.273333333333333,0.113333333333333,0.206666666666667,1.41851017033465
0.533333333333333,0.293333333333333,0.126666666666667,0.213333333333333,1.56844373301288
0.44,0.34,0.12,0.193333333333333,1.24115385338003
0.493333333333333,0.34,0.1,0.18,1.37235412716021
0.513333333333333,0.366666666666667,0.12,0.206666666666667,1.31949824509114
0.446666666666667,0.26,0.106666666666667,0.213333333333333,1.41331775435604
0.38,0.24,0.12,0.286666666666667,1.14038122667943
0.466666666666667,0.313333333333333,0.14,0.293333333333333,1.19501401430419
0.466666666666667,0.36,0.08,0.24,1.11512981765662
0.46,0.373333333333333,0.0933333333333333,0.246666666666667,1.08162898626073
0.426666666666667,0.333333333333333,0.12,0.266666666666667,1.08775495997215
0.453333333333333,0.346666666666667,0.0733333333333333,0.253333333333333,1.08115308828952
0.52,0.3,0.1,0.26,1.35951651945304
0.46,0.3,0.113333333333333,0.28,1.19832994459017
0.466666666666667,0.38,0.113333333333333,0.26,1.08712455144552
0.466666666666667,0.42,0.12,0.233333333333333,1.06509978842456
0.433333333333333,0.373333333333333,0.193333333333333,0.226666666666667,1.18649815285972
0.406666666666667,0.333333333333333,0.146666666666667,0.226666666666667,1.1493025177151
0.453333333333333,0.306666666666667,0.106666666666667,0.22,1.28042392523533
0.5,0.293333333333333,0.12,0.24,1.40482109025436
0.413333333333333,0.366666666666667,0.113333333333333,0.24,1.03083720226326
0.54,0.36,0.08,0.213333333333333,1.32772576304481
0.473333333333333,0.26,0.113333333333333,0.26,1.37392574181238
0.453333333333333,0.36,0.106666666666667,0.2,1.19338764400637
0.546666666666667,0.353333333333333,0.08,0.193333333333333,1.40443022095111
0.393333333333333,0.46,0.08,0.26,0.792282678177825
0.493333333333333,0.34,0.0933333333333333,0.233333333333333,1.24691571394715
0.513333333333333,0.3,0.1,0.246666666666667,1.37396406387431
0.533333333333333,0.333333333333333,0.0866666666666667,0.266666666666667,1.27670628014519
0.473333333333333,0.313333333333333,0.12,0.313333333333333,1.14850024916633
0.44,0.293333333333333,0.0866666666666667,0.24,1.20830925923438
0.466666666666667,0.3,0.08,0.2,1.33815578118795
0.46,0.326666666666667,0.133333333333333,0.246666666666667,1.23008253099196
0.466666666666667,0.346666666666667,0.12,0.193333333333333,1.28880782941441
0.473333333333333,0.366666666666667,0.106666666666667,0.233333333333333,1.16235496008166
0.506666666666667,0.38,0.16,0.2,1.33991362105368
0.5,0.26,0.12,0.3,1.35539804308582
0.48,0.386666666666667,0.12,0.253333333333333,1.12062879134264
0.44,0.333333333333333,0.113333333333333,0.213333333333333,1.2063791778093
0.533333333333333,0.34,0.12,0.233333333333333,1.37406043244686
0.446666666666667,0.38,0.126666666666667,0.213333333333333,1.13839551249525
0.473333333333333,0.346666666666667,0.12,0.22,1.2489527079235
0.493333333333333,0.313333333333333,0.113333333333333,0.213333333333333,1.3866938176969
0.506666666666667,0.38,0.1,0.253333333333333,1.16319748283346
0.46,0.306666666666667,0.14,0.206666666666667,1.37833510836142
0.466666666666667,0.286666666666667,0.106666666666667,0.186666666666667,1.45631896421212
0.44,0.326666666666667,0.126666666666667,0.24,1.18804498090107
0.466666666666667,0.386666666666667,0.113333333333333,0.22,1.13943153177837
0.48,0.253333333333333,0.126666666666667,0.266666666666667,1.41391871743561
0.533333333333333,0.34,0.0866666666666667,0.22,1.35737675105124
0.5,0.3,0.1,0.2,1.45605206536622
0.48,0.406666666666667,0.113333333333333,0.293333333333333,1.02067646666706
0.513333333333333,0.346666666666667,0.0866666666666667,0.273333333333333,1.19266891618925
0.5,0.306666666666667,0.0733333333333333,0.233333333333333,1.31593494464383
0.466666666666667,0.333333333333333,0.153333333333333,0.193333333333333,1.37240259376645
0.48,0.3,0.126666666666667,0.28,1.26189138431452
0.42,0.293333333333333,0.146666666666667,0.266666666666667,1.19300326754001
0.5,0.333333333333333,0.113333333333333,0.166666666666667,1.46232525382945
0.513333333333333,0.373333333333333,0.126666666666667,0.24,1.24759290573147
0.453333333333333,0.353333333333333,0.0933333333333333,0.213333333333333,1.1644268684066
0.46,0.346666666666667,0.0866666666666667,0.24,1.13611917104736
0.466666666666667,0.366666666666667,0.12,0.253333333333333,1.1309960609382
0.506666666666667,0.32,0.126666666666667,0.273333333333333,1.28838492185106
0.473333333333333,0.333333333333333,0.1,0.226666666666667,1.23902935039349
0.426666666666667,0.353333333333333,0.133333333333333,0.24,1.11097449185133
0.44,0.333333333333333,0.106666666666667,0.286666666666667,1.0667721732753
0.433333333333333,0.326666666666667,0.106666666666667,0.233333333333333,1.15747890296478
0.466666666666667,0.32,0.0666666666666667,0.22,1.22109991736554
0.5,0.3,0.12,0.273333333333333,1.31208801551985
0.48,0.333333333333333,0.0933333333333333,0.206666666666667,1.28709094691205
0.513333333333333,0.373333333333333,0.146666666666667,0.24,1.27302664597376
0.533333333333333,0.306666666666667,0.126666666666667,0.173333333333333,1.64085086321414
0.46,0.293333333333333,0.146666666666667,0.233333333333333,1.36155299512027
0.5,0.32,0.08,0.22,1.32073157866976
0.353333333333333,0.38,0.113333333333333,0.213333333333333,0.917706240821081
0.446666666666667,0.286666666666667,0.166666666666667,0.246666666666667,1.34523674636554
0.453333333333333,0.346666666666667,0.08,0.28,1.04733928455768
0.466666666666667,0.36,0.126666666666667,0.24,1.17587274491092
0.506666666666667,0.32,0.153333333333333,0.22,1.44297343390123
0.526666666666667,0.34,0.1,0.286666666666667,1.2275839567101
0.42,0.4,0.0866666666666667,0.18,1.04400072608459
0.42,0.386666666666667,0.12,0.293333333333333,0.945098444470523
0.513333333333333,0.373333333333333,0.12,0.24,1.23911499231737
0.44,0.353333333333333,0.12,0.253333333333333,1.10011980482491
0.46,0.333333333333333,0.133333333333333,0.26,1.1900412936673
0.48,0.24,0.12,0.206666666666667,1.62185274686413
0.44,0.313333333333333,0.153333333333333,0.253333333333333,1.22925947500982
0.393333333333333,0.34,0.146666666666667,0.18,1.19390421654799
0.473333333333333,0.366666666666667,0.1,0.22,1.17747479780365
0.393333333333333,0.333333333333333,0.12,0.246666666666667,1.0470461516367
0.453333333333333,0.393333333333333,0.106666666666667,0.213333333333333,1.10069153100055
0.46,0.38,0.0866666666666667,0.193333333333333,1.15018185207453
0.466666666666667,0.346666666666667,0.1,0.2,1.24614342364734
0.44,0.34,0.1,0.26,1.08880899974087
0.46,0.3,0.12,0.226666666666667,1.31924500997722
0.4,0.366666666666667,0.106666666666667,0.246666666666667,0.983874132972424
0.506666666666667,0.346666666666667,0.113333333333333,0.313333333333333,1.14475036964111
0.433333333333333,0.373333333333333,0.1,0.246666666666667,1.03413408974486
0.426666666666667,0.326666666666667,0.12,0.266666666666667,1.10080301439871
0.446666666666667,0.306666666666667,0.0933333333333333,0.166666666666667,1.37082138674133
0.44,0.293333333333333,0.113333333333333,0.246666666666667,1.23350853964726
0.42,0.34,0.133333333333333,0.226666666666667,1.14718277374431
0.5,0.353333333333333,0.1,0.293333333333333,1.13489554795628
0.453333333333333,0.34,0.12,0.226666666666667,1.20526887782693
0.426666666666667,0.306666666666667,0.08,0.24,1.13542600505609
0.413333333333333,0.293333333333333,0.146666666666667,0.22,1.27521348491806
0.493333333333333,0.36,0.0733333333333333,0.206666666666667,1.2262466885729
0.453333333333333,0.313333333333333,0.1,0.193333333333333,1.31355778956616
0.473333333333333,0.32,0.113333333333333,0.206666666666667,1.33477076101229
0.473333333333333,0.346666666666667,0.0866666666666667,0.226666666666667,1.19036559815197
0.513333333333333,0.38,0.113333333333333,0.226666666666667,1.24089016226085
0.46,0.413333333333333,0.14,0.206666666666667,1.12951880789612
0.5,0.326666666666667,0.08,0.186666666666667,1.38031193762626
0.486666666666667,0.373333333333333,0.0933333333333333,0.2,1.22117570773107
0.533333333333333,0.346666666666667,0.113333333333333,0.266666666666667,1.28127392198083
0.413333333333333,0.346666666666667,0.133333333333333,0.26,1.06178886677892
0.473333333333333,0.353333333333333,0.1,0.24,1.16937422714318
0.48,0.346666666666667,0.12,0.273333333333333,1.16460118426976
0.446666666666667,0.393333333333333,0.113333333333333,0.233333333333333,1.06334369798638
0.486666666666667,0.313333333333333,0.12,0.166666666666667,1.50132627944616
0.506666666666667,0.306666666666667,0.08,0.266666666666667,1.27002925228162
0.46,0.366666666666667,0.14,0.206666666666667,1.22637450731512
0.406666666666667,0.386666666666667,0.106666666666667,0.233333333333333,0.98348293134623
0.353333333333333,0.353333333333333,0.0933333333333333,0.3,0.821812583351869
0.386666666666667,0.34,0.14,0.24,1.05726009693715
0.526666666666667,0.333333333333333,0.16,0.266666666666667,1.35825766993188
0.453333333333333,0.313333333333333,0.106666666666667,0.26,1.18253395070413
0.486666666666667,0.34,0.12,0.22,1.29560821705476
0.506666666666667,0.333333333333333,0.08,0.226666666666667,1.28854476702927
0.373333333333333,0.266666666666667,0.113333333333333,0.18,1.28517869470554
0.52,0.313333333333333,0.0666666666666667,0.213333333333333,1.38330594578279
0.46,0.373333333333333,0.106666666666667,0.213333333333333,1.15493235149888
0.486666666666667,0.326666666666667,0.133333333333333,0.253333333333333,1.2772324130582
0.526666666666667,0.26,0.133333333333333,0.16,1.87258391136517
0.466666666666667,0.34,0.113333333333333,0.246666666666667,1.18847650212972
0.393333333333333,0.346666666666667,0.0666666666666667,0.266666666666667,0.923286457584506
0.48,0.366666666666667,0.126666666666667,0.266666666666667,1.1449483403668
0.44,0.34,0.06,0.226666666666667,1.0919919793228
0.466666666666667,0.26,0.12,0.166666666666667,1.63907435897792
0.466666666666667,0.373333333333333,0.133333333333333,0.233333333333333,1.16884889225082
0.46,0.36,0.0866666666666667,0.233333333333333,1.12070145884438
0.473333333333333,0.28,0.106666666666667,0.206666666666667,1.44072035773399
0.46,0.34,0.0866666666666667,0.253333333333333,1.1263634804396
0.44,0.36,0.0866666666666667,0.226666666666667,1.08804923642802
0.493333333333333,0.306666666666667,0.106666666666667,0.18,1.48216801615997
0.446666666666667,0.266666666666667,0.106666666666667,0.226666666666667,1.35780924210833
0.426666666666667,0.353333333333333,0.133333333333333,0.22,1.14617270352414
0.393333333333333,0.346666666666667,0.12,0.233333333333333,1.0434517700074
0.453333333333333,0.366666666666667,0.0866666666666667,0.253333333333333,1.06096404110409
0.466666666666667,0.333333333333333,0.0866666666666667,0.273333333333333,1.11990864253438
0.393333333333333,0.326666666666667,0.0866666666666667,0.226666666666667,1.04782389016843
0.433333333333333,0.4,0.106666666666667,0.186666666666667,1.08881879703751
0.493333333333333,0.286666666666667,0.1,0.273333333333333,1.30169023238952
0.46,0.34,0.126666666666667,0.26,1.16723803623605
0.42,0.26,0.08,0.24,1.23154337051474
0.453333333333333,0.306666666666667,0.0866666666666667,0.273333333333333,1.14485690734769
0.446666666666667,0.44,0.0933333333333333,0.18,1.03704330780504
0.446666666666667,0.286666666666667,0.0866666666666667,0.233333333333333,1.25583953465141
0.38,0.346666666666667,0.113333333333333,0.166666666666667,1.12203866689199
0.473333333333333,0.313333333333333,0.0933333333333333,0.253333333333333,1.22298546422518
0.56,0.366666666666667,0.1,0.226666666666667,1.35482039045337
0.48,0.386666666666667,0.14,0.233333333333333,1.17852876340142
0.453333333333333,0.34,0.113333333333333,0.173333333333333,1.30817552502033
0.44,0.333333333333333,0.106666666666667,0.26,1.11067305663562
0.433333333333333,0.366666666666667,0.0866666666666667,0.253333333333333,1.01897929001163
0.52,0.286666666666667,0.133333333333333,0.213333333333333,1.56634694006287
0.526666666666667,0.353333333333333,0.106666666666667,0.226666666666667,1.32214269895812
0.546666666666667,0.4,0.106666666666667,0.253333333333333,1.21292449242026
0.446666666666667,0.313333333333333,0.0733333333333333,0.18,1.28624205633503
0.48,0.36,0.08,0.18,1.25860281315414
0.393333333333333,0.393333333333333,0.133333333333333,0.233333333333333,0.977994971840233
0.473333333333333,0.333333333333333,0.126666666666667,0.32,1.10799930113015
0.446666666666667,0.386666666666667,0.12,0.233333333333333,1.08378568393696
0.413333333333333,0.286666666666667,0.12,0.266666666666667,1.15446521428409
0.473333333333333,0.353333333333333,0.0866666666666667,0.22,1.1883043685871
0.493333333333333,0.273333333333333,0.106666666666667,0.306666666666667,1.27373116505977
0.446666666666667,0.333333333333333,0.0733333333333333,0.253333333333333,1.09247464647182
0.44,0.28,0.0933333333333333,0.24,1.25155135877631
0.486666666666667,0.393333333333333,0.12,0.273333333333333,1.09110012724153
0.486666666666667,0.306666666666667,0.113333333333333,0.213333333333333,1.38887201839366
0.506666666666667,0.28,0.133333333333333,0.213333333333333,1.55358466601793
0.453333333333333,0.28,0.0933333333333333,0.18,1.43761115357789
0.513333333333333,0.32,0.12,0.246666666666667,1.35001345962952
0.433333333333333,0.36,0.04,0.253333333333333,0.971201050403488
0.533333333333333,0.346666666666667,0.0733333333333333,0.26,1.24243387613968
0.486666666666667,0.32,0.113333333333333,0.273333333333333,1.22645853831637
0.473333333333333,0.28,0.126666666666667,0.233333333333333,1.40269942421286
0.446666666666667,0.38,0.0666666666666667,0.14,1.19337271067493
0.473333333333333,0.313333333333333,0.1,0.233333333333333,1.27344754423341
0.46,0.326666666666667,0.12,0.146666666666667,1.44183385620608
0.46,0.386666666666667,0.106666666666667,0.206666666666667,1.13936368268596
0.526666666666667,0.406666666666667,0.0866666666666667,0.206666666666667,1.21510121120269
0.46,0.286666666666667,0.12,0.24,1.32427251897221
0.453333333333333,0.26,0.133333333333333,0.226666666666667,1.43891581929173
0.466666666666667,0.446666666666667,0.12,0.253333333333333,0.994795793188981
0.48,0.286666666666667,0.153333333333333,0.193333333333333,1.54997856640769
0.446666666666667,0.366666666666667,0.1,0.22,1.11861011711535
0.44,0.306666666666667,0.0533333333333333,0.233333333333333,1.14174664763741
0.446666666666667,0.333333333333333,0.0533333333333333,0.253333333333333,1.06572324809404
0.433333333333333,0.26,0.126666666666667,0.18,1.50703406486529
0.466666666666667,0.306666666666667,0.126666666666667,0.26,1.25607143686276
0.493333333333333,0.34,0.08,0.166666666666667,1.37438431058413
0.446666666666667,0.306666666666667,0.153333333333333,0.226666666666667,1.31808030485234
0.38,0.286666666666667,0.146666666666667,0.253333333333333,1.138582378496
0.48,0.4,0.08,0.213333333333333,1.11049653823287
0.4,0.333333333333333,0.133333333333333,0.213333333333333,1.13993698775484
0.473333333333333,0.293333333333333,0.0733333333333333,0.213333333333333,1.33156049176403
0.493333333333333,0.373333333333333,0.14,0.28,1.15379793429694
0.526666666666667,0.333333333333333,0.0933333333333333,0.173333333333333,1.48222085619179
0.413333333333333,0.34,0.12,0.213333333333333,1.13789015861275
0.4,0.386666666666667,0.126666666666667,0.246666666666667,0.975624706825568
0.513333333333333,0.286666666666667,0.0866666666666667,0.226666666666667,1.44064730438945
0.506666666666667,0.306666666666667,0.0866666666666667,0.253333333333333,1.30714726145036
0.44,0.353333333333333,0.126666666666667,0.206666666666667,1.19245596309107
0.473333333333333,0.293333333333333,0.126666666666667,0.186666666666667,1.48543066931638
0.466666666666667,0.3,0.133333333333333,0.26,1.28145856377209
0.48,0.306666666666667,0.126666666666667,0.26,1.28692723139946
0.466666666666667,0.306666666666667,0.0933333333333333,0.233333333333333,1.2643750675546
0.393333333333333,0.306666666666667,0.106666666666667,0.226666666666667,1.11901601233331
0.393333333333333,0.3,0.113333333333333,0.22,1.15742529524463
0.433333333333333,0.366666666666667,0.12,0.253333333333333,1.0610214757841
0.413333333333333,0.313333333333333,0.1,0.2,1.19691996592087
0.506666666666667,0.34,0.08,0.226666666666667,1.27248022811024
0.446666666666667,0.346666666666667,0.0933333333333333,0.206666666666667,1.17635836744101
0.466666666666667,0.326666666666667,0.06,0.253333333333333,1.13287249358013
0.446666666666667,0.326666666666667,0.126666666666667,0.26,1.16579875146305
0.466666666666667,0.386666666666667,0.126666666666667,0.253333333333333,1.10169544863026
0.426666666666667,0.353333333333333,0.0733333333333333,0.266666666666667,0.991354134755649
0.473333333333333,0.353333333333333,0.08,0.293333333333333,1.05651193282249
0.48,0.306666666666667,0.0866666666666667,0.26,1.23131082253275
0.433333333333333,0.333333333333333,0.133333333333333,0.193333333333333,1.26102294744151
0.426666666666667,0.366666666666667,0.126666666666667,0.193333333333333,1.15755402858778
0.493333333333333,0.32,0.08,0.253333333333333,1.23517319440052
0.406666666666667,0.333333333333333,0.12,0.246666666666667,1.07704112511925
0.46,0.36,0.1,0.2,1.19952546522708
0.44,0.366666666666667,0.1,0.24,1.07078311047321
0.373333333333333,0.26,0.1,0.22,1.18401367281171
0.513333333333333,0.346666666666667,0.16,0.22,1.39557777527179
0.46,0.326666666666667,0.0533333333333333,0.233333333333333,1.1449665811078
0.48,0.26,0.12,0.193333333333333,1.58932844666783
0.466666666666667,0.313333333333333,0.06,0.24,1.18692595977964
0.44,0.346666666666667,0.126666666666667,0.16,1.30762938623854
0.46,0.32,0.12,0.24,1.24038216235522
0.426666666666667,0.326666666666667,0.0733333333333333,0.246666666666667,1.07206585032262
0.493333333333333,0.313333333333333,0.08,0.186666666666667,1.40190078555885
0.48,0.326666666666667,0.1,0.26,1.20440394512457
0.526666666666667,0.286666666666667,0.106666666666667,0.153333333333333,1.73189828845365
0.36,0.393333333333333,0.0733333333333333,0.22,0.851089333721369
0.453333333333333,0.306666666666667,0.1,0.246666666666667,1.21438293961952
0.506666666666667,0.293333333333333,0.113333333333333,0.246666666666667,1.3953566636703
0.446666666666667,0.34,0.126666666666667,0.233333333333333,1.18645635946098
0.5,0.326666666666667,0.0866666666666667,0.22,1.31318475710748
0.54,0.36,0.08,0.2,1.35632386998252
0.526666666666667,0.3,0.0666666666666667,0.293333333333333,1.25929791319415
0.433333333333333,0.353333333333333,0.08,0.226666666666667,1.07739927969816
0.506666666666667,0.313333333333333,0.16,0.22,1.47190386955762
0.453333333333333,0.373333333333333,0.0933333333333333,0.22,1.11115354929062
0.433333333333333,0.306666666666667,0.14,0.206666666666667,1.31078393095179
0.486666666666667,0.386666666666667,0.126666666666667,0.173333333333333,1.2888792345401
0.453333333333333,0.313333333333333,0.0933333333333333,0.22,1.24387020341538
0.413333333333333,0.32,0.126666666666667,0.266666666666667,1.09333083429764
0.406666666666667,0.346666666666667,0.12,0.246666666666667,1.05133237472313
0.553333333333333,0.36,0.08,0.22,1.34366397499455
0.466666666666667,0.406666666666667,0.126666666666667,0.26,1.05670802782979
0.393333333333333,0.286666666666667,0.0933333333333333,0.246666666666667,1.10563082442503
0.493333333333333,0.346666666666667,0.0933333333333333,0.193333333333333,1.3142717518882
0.426666666666667,0.36,0.126666666666667,0.233333333333333,1.10034669759068
0.526666666666667,0.38,0.12,0.233333333333333,1.26528571001838
0.526666666666667,0.393333333333333,0.146666666666667,0.213333333333333,1.30781520242972
0.546666666666667,0.373333333333333,0.153333333333333,0.226666666666667,1.37932148117807
0.44,0.353333333333333,0.153333333333333,0.233333333333333,1.17861200860109
0.433333333333333,0.4,0.1,0.253333333333333,0.979896038976328
0.426666666666667,0.36,0.0866666666666667,0.166666666666667,1.1670094016847
0.52,0.253333333333333,0.0933333333333333,0.2,1.66201741299423
0.54,0.313333333333333,0.133333333333333,0.186666666666667,1.60571392811304
0.526666666666667,0.36,0.0733333333333333,0.213333333333333,1.28857847063644
0.486666666666667,0.306666666666667,0.0733333333333333,0.213333333333333,1.32870447534916
0.493333333333333,0.333333333333333,0.113333333333333,0.22,1.3183933523938
0.413333333333333,0.353333333333333,0.126666666666667,0.233333333333333,1.08406061163086
0.486666666666667,0.34,0.0666666666666667,0.22,1.22130834678771
0.506666666666667,0.3,0.0866666666666667,0.326666666666667,1.18032395254861
0.5,0.366666666666667,0.12,0.286666666666667,1.14485999644117
0.486666666666667,0.326666666666667,0.08,0.293333333333333,1.1334604689196
0.44,0.34,0.133333333333333,0.22,1.20597723170813
0.466666666666667,0.333333333333333,0.0933333333333333,0.213333333333333,1.24116366943473
0.466666666666667,0.366666666666667,0.133333333333333,0.2,1.24548037123018
0.433333333333333,0.373333333333333,0.113333333333333,0.24,1.06131044759985
0.42,0.36,0.1,0.153333333333333,1.19754853005075
0.473333333333333,0.366666666666667,0.14,0.18,1.31164292803305
0.46,0.333333333333333,0.0933333333333333,0.233333333333333,1.18589196835543
0.506666666666667,0.326666666666667,0.126666666666667,0.22,1.38620816073739
0.486666666666667,0.293333333333333,0.133333333333333,0.233333333333333,1.40789455799265
0.453333333333333,0.313333333333333,0.0866666666666667,0.253333333333333,1.16753062477813
0.42,0.346666666666667,0.126666666666667,0.24,1.10069322196457
0.493333333333333,0.3,0.0733333333333333,0.226666666666667,1.33237310842665
0.506666666666667,0.38,0.126666666666667,0.233333333333333,1.23148673662991
0.44,0.32,0.113333333333333,0.26,1.14696872375117
0.46,0.406666666666667,0.0866666666666667,0.213333333333333,1.06469183371431
0.513333333333333,0.306666666666667,0.08,0.246666666666667,1.3278786479916
0.413333333333333,0.346666666666667,0.113333333333333,0.266666666666667,1.02562687732905
0.453333333333333,0.406666666666667,0.153333333333333,0.233333333333333,1.10201490797902
0.42,0.386666666666667,0.113333333333333,0.233333333333333,1.01970654528619
0.453333333333333,0.393333333333333,0.0866666666666667,0.24,1.03404452629585
0.48,0.34,0.1,0.2,1.29432862439882
0.513333333333333,0.333333333333333,0.106666666666667,0.24,1.31276915580713
0.466666666666667,0.38,0.113333333333333,0.206666666666667,1.17646563131067
0.393333333333333,0.313333333333333,0.1,0.213333333333333,1.1199124199069
0.5,0.34,0.0866666666666667,0.253333333333333,1.21434840304156
0.54,0.333333333333333,0.133333333333333,0.22,1.4561984002056
0.433333333333333,0.293333333333333,0.0866666666666667,0.213333333333333,1.2492336724108
0.506666666666667,0.306666666666667,0.12,0.286666666666667,1.2838758883829
0.526666666666667,0.333333333333333,0.126666666666667,0.26,1.32810481156625
0.44,0.246666666666667,0.113333333333333,0.206666666666667,1.46912556381956
0.466666666666667,0.3,0.0733333333333333,0.306666666666667,1.11180222256414
0.473333333333333,0.28,0.0866666666666667,0.22,1.37410526667287
0.373333333333333,0.28,0.12,0.246666666666667,1.1106952078392
0.453333333333333,0.353333333333333,0.133333333333333,0.246666666666667,1.15758465129672
0.44,0.24,0.12,0.206666666666667,1.50434815223623
0.506666666666667,0.333333333333333,0.126666666666667,0.286666666666667,1.23328476169338
0.406666666666667,0.346666666666667,0.133333333333333,0.24,1.07999773377525
0.446666666666667,0.366666666666667,0.113333333333333,0.233333333333333,1.11334243967868
0.48,0.28,0.1,0.233333333333333,1.37881578304024
0.493333333333333,0.32,0.0733333333333333,0.246666666666667,1.23923650251527
0.513333333333333,0.313333333333333,0.0933333333333333,0.253333333333333,1.31538912876996
0.453333333333333,0.346666666666667,0.173333333333333,0.22,1.27653105121812
0.453333333333333,0.346666666666667,0.133333333333333,0.206666666666667,1.2481914752867
0.48,0.32,0.193333333333333,0.213333333333333,1.45297579885129
0.453333333333333,0.3,0.133333333333333,0.233333333333333,1.3074417019184
0.466666666666667,0.286666666666667,0.126666666666667,0.22,1.39962866149991
0.4,0.273333333333333,0.133333333333333,0.226666666666667,1.25816315922179
0.52,0.353333333333333,0.113333333333333,0.193333333333333,1.38875183461887
0.526666666666667,0.326666666666667,0.146666666666667,0.233333333333333,1.43058536911456
0.42,0.3,0.106666666666667,0.186666666666667,1.28980226589314
0.46,0.373333333333333,0.1,0.206666666666667,1.15802149245003
0.526666666666667,0.34,0.146666666666667,0.266666666666667,1.32508017443283
0.526666666666667,0.406666666666667,0.0866666666666667,0.18,1.26469624000662
0.426666666666667,0.36,0.113333333333333,0.2,1.14112150908789
0.453333333333333,0.366666666666667,0.133333333333333,0.273333333333333,1.08783365957308
0.466666666666667,0.393333333333333,0.106666666666667,0.186666666666667,1.17577108130687
0.493333333333333,0.286666666666667,0.0933333333333333,0.226666666666667,1.39989333977787
0.48,0.473333333333333,0.106666666666667,0.233333333333333,0.990482704920687
0.393333333333333,0.346666666666667,0.106666666666667,0.286666666666667,0.946246986156127
0.393333333333333,0.326666666666667,0.0866666666666667,0.273333333333333,0.973005495726044
0.473333333333333,0.326666666666667,0.133333333333333,0.253333333333333,1.24718568855193
0.453333333333333,0.32,0.0866666666666667,0.253333333333333,1.15305358123741
0.42,0.34,0.0866666666666667,0.24,1.06015612759329
0.493333333333333,0.333333333333333,0.173333333333333,0.24,1.35836365709783
0.42,0.36,0.12,0.213333333333333,1.11105254162952
0.426666666666667,0.373333333333333,0.14,0.26,1.04998012793113
0.48,0.36,0.106666666666667,0.22,1.21561699604501
0.486666666666667,0.393333333333333,0.08,0.233333333333333,1.10460135961892
0.466666666666667,0.393333333333333,0.14,0.26,1.09548776915256
0.48,0.286666666666667,0.0933333333333333,0.246666666666667,1.31884670915428
0.38,0.386666666666667,0.1,0.286666666666667,0.852846621928524
0.42,0.286666666666667,0.106666666666667,0.273333333333333,1.13862393911345
0.48,0.386666666666667,0.106666666666667,0.173333333333333,1.24609051091232
0.486666666666667,0.326666666666667,0.146666666666667,0.213333333333333,1.38257408323471
0.453333333333333,0.326666666666667,0.133333333333333,0.246666666666667,1.21489940399476
0.493333333333333,0.393333333333333,0.106666666666667,0.126666666666667,1.36160600413687
0.433333333333333,0.346666666666667,0.133333333333333,0.26,1.10482481445286
0.433333333333333,0.366666666666667,0.153333333333333,0.26,1.09235618373218
0.466666666666667,0.3,0.0933333333333333,0.246666666666667,1.25254825263457
0.493333333333333,0.346666666666667,0.126666666666667,0.253333333333333,1.23775012191399
0.433333333333333,0.306666666666667,0.0866666666666667,0.213333333333333,1.21523732981412
0.373333333333333,0.32,0.0933333333333333,0.273333333333333,0.949336258206042
0.453333333333333,0.306666666666667,0.0933333333333333,0.26,1.17886863493712
0.38,0.36,0.12,0.273333333333333,0.932283683728488
0.406666666666667,0.373333333333333,0.0733333333333333,0.16,1.08236752428758
0.433333333333333,0.286666666666667,0.146666666666667,0.24,1.2977800777841
0.386666666666667,0.406666666666667,0.113333333333333,0.24,0.910184275060943
0.446666666666667,0.353333333333333,0.1,0.226666666666667,1.13413350995594
0.493333333333333,0.373333333333333,0.14,0.2,1.29926210468428
0.4,0.346666666666667,0.0933333333333333,0.246666666666667,1.0015100113351
0.473333333333333,0.333333333333333,0.0933333333333333,0.186666666666667,1.31532282733071
0.493333333333333,0.293333333333333,0.0933333333333333,0.3,1.2229110588732
0.433333333333333,0.32,0.153333333333333,0.273333333333333,1.16168121038115
0.48,0.273333333333333,0.08,0.22,1.40097919305492
0.533333333333333,0.426666666666667,0.08,0.253333333333333,1.10683926884827
0.426666666666667,0.313333333333333,0.1,0.193333333333333,1.24533193023883
0.42,0.393333333333333,0.146666666666667,0.226666666666667,1.05985175687976
0.466666666666667,0.34,0.113333333333333,0.28,1.12985127400287
0.52,0.3,0.133333333333333,0.193333333333333,1.57928274422037
0.453333333333333,0.36,0.16,0.266666666666667,1.14408113738172
0.426666666666667,0.34,0.0666666666666667,0.226666666666667,1.07059513885039
0.393333333333333,0.333333333333333,0.106666666666667,0.186666666666667,1.13646549673151
0.42,0.333333333333333,0.12,0.233333333333333,1.13079268612144
0.446666666666667,0.38,0.12,0.193333333333333,1.16521755161864
0.386666666666667,0.393333333333333,0.113333333333333,0.22,0.957879864494819
0.433333333333333,0.333333333333333,0.0933333333333333,0.233333333333333,1.12461465919212
0.38,0.4,0.0866666666666667,0.3,0.805765600285729
0.413333333333333,0.293333333333333,0.113333333333333,0.213333333333333,1.238995629703
0.573333333333333,0.38,0.113333333333333,0.173333333333333,1.48753573041265
0.406666666666667,0.333333333333333,0.0866666666666667,0.266666666666667,1.00045945005221
0.473333333333333,0.326666666666667,0.12,0.213333333333333,1.31196398858849
0.513333333333333,0.36,0.1,0.246666666666667,1.22982163429848
0.513333333333333,0.286666666666667,0.0666666666666667,0.2,1.48048655816581
0.46,0.353333333333333,0.113333333333333,0.206666666666667,1.22015662484315
0.426666666666667,0.373333333333333,0.0733333333333333,0.24,0.996332414506652
0.433333333333333,0.34,0.106666666666667,0.26,1.08301488539349
0.42,0.346666666666667,0.1,0.2,1.13574285751272
0.433333333333333,0.353333333333333,0.146666666666667,0.2,1.21795662403199
0.366666666666667,0.326666666666667,0.12,0.213333333333333,1.05539145628384
0.46,0.293333333333333,0.12,0.22,1.35314417711479
0.46,0.326666666666667,0.106666666666667,0.173333333333333,1.35171492383017
0.393333333333333,0.426666666666667,0.106666666666667,0.22,0.911321152392581
0.486666666666667,0.326666666666667,0.12,0.213333333333333,1.34403555512657
0.44,0.24,0.113333333333333,0.22,1.45272775630896
0.486666666666667,0.286666666666667,0.12,0.226666666666667,1.42373038898449
0.413333333333333,0.3,0.126666666666667,0.24,1.18601318239327
0.453333333333333,0.373333333333333,0.166666666666667,0.28,1.10588732661287
0.466666666666667,0.353333333333333,0.0666666666666667,0.28,1.04657525473565
0.446666666666667,0.333333333333333,0.106666666666667,0.22,1.19940034480174
0.486666666666667,0.306666666666667,0.106666666666667,0.186666666666667,1.44648225017186
0.506666666666667,0.326666666666667,0.133333333333333,0.266666666666667,1.29504816174214
0.52,0.333333333333333,0.113333333333333,0.286666666666667,1.24454823549847
0.406666666666667,0.373333333333333,0.0933333333333333,0.293333333333333,0.907669245025151
0.533333333333333,0.386666666666667,0.133333333333333,0.266666666666667,1.22197979475012
0.446666666666667,0.333333333333333,0.06,0.253333333333333,1.07464038088664
0.493333333333333,0.346666666666667,0.0933333333333333,0.206666666666667,1.28555271502772
0.473333333333333,0.4,0.08,0.24,1.05503700012918
0.446666666666667,0.373333333333333,0.08,0.226666666666667,1.0682575441305
0.5,0.273333333333333,0.106666666666667,0.22,1.49654669313658
0.453333333333333,0.353333333333333,0.106666666666667,0.213333333333333,1.18273856118542
0.473333333333333,0.333333333333333,0.1,0.22,1.25261546039599
0.553333333333333,0.36,0.0866666666666667,0.213333333333333,1.36687305545317
0.44,0.38,0.0866666666666667,0.226666666666667,1.05018670751492
0.48,0.373333333333333,0.1,0.28,1.07913669064748
0.446666666666667,0.34,0.133333333333333,0.28,1.11298339321103
0.446666666666667,0.366666666666667,0.0866666666666667,0.273333333333333,1.01706086657337
0.446666666666667,0.346666666666667,0.08,0.273333333333333,1.04359251578449
0.466666666666667,0.366666666666667,0.106666666666667,0.246666666666667,1.12520869081857
0.386666666666667,0.366666666666667,0.08,0.26,0.903747730838322
0.473333333333333,0.286666666666667,0.113333333333333,0.24,1.34748745115797
0.5,0.333333333333333,0.0933333333333333,0.24,1.26424283892638
0.4,0.32,0.0866666666666667,0.246666666666667,1.04248195568417
0.426666666666667,0.32,0.12,0.266666666666667,1.1141679026028
0.433333333333333,0.3,0.146666666666667,0.173333333333333,1.42481326198145
0.52,0.3,0.113333333333333,0.246666666666667,1.40913317344726
0.42,0.353333333333333,0.1,0.186666666666667,1.14632953952791
0.44,0.346666666666667,0.1,0.233333333333333,1.12113417870593
0.446666666666667,0.366666666666667,0.12,0.26,1.07844023869448
0.493333333333333,0.346666666666667,0.113333333333333,0.18,1.37370518639514
0.44,0.34,0.0733333333333333,0.24,1.08708061062417
0.506666666666667,0.293333333333333,0.14,0.16,1.68214844013732
0.5,0.353333333333333,0.12,0.213333333333333,1.30772253532725
0.506666666666667,0.36,0.126666666666667,0.246666666666667,1.24988606423825
0.426666666666667,0.326666666666667,0.08,0.213333333333333,1.141905713543
0.48,0.313333333333333,0.12,0.273333333333333,1.23541962362492
0.46,0.346666666666667,0.12,0.266666666666667,1.13357839803845
0.426666666666667,0.286666666666667,0.0933333333333333,0.233333333333333,1.21556474382748
0.446666666666667,0.38,0.106666666666667,0.186666666666667,1.15938362679756
0.426666666666667,0.293333333333333,0.1,0.273333333333333,1.1304322041437
0.473333333333333,0.373333333333333,0.16,0.246666666666667,1.1935233536963
0.46,0.373333333333333,0.0933333333333333,0.273333333333333,1.0408827705959
0.44,0.38,0.113333333333333,0.24,1.06319040708076
0.44,0.38,0.0933333333333333,0.193333333333333,1.11425595308206
0.5,0.326666666666667,0.12,0.206666666666667,1.39173861388775
0.406666666666667,0.386666666666667,0.12,0.28,0.93628397816266
0.493333333333333,0.3,0.133333333333333,0.28,1.30123598586558
0.44,0.32,0.16,0.26,1.21026236474134
0.433333333333333,0.393333333333333,0.12,0.213333333333333,1.07518762713393
0.513333333333333,0.266666666666667,0.153333333333333,0.193333333333333,1.7160885074704
0.493333333333333,0.373333333333333,0.0866666666666667,0.2,1.2271634122118
0.426666666666667,0.386666666666667,0.153333333333333,0.22,1.10540971724273
0.486666666666667,0.326666666666667,0.113333333333333,0.206666666666667,1.34955866578071
0.42,0.3,0.0666666666666667,0.18,1.24121131594973
0.486666666666667,0.333333333333333,0.0933333333333333,0.346666666666667,1.05477167391863
0.426666666666667,0.273333333333333,0.173333333333333,0.206666666666667,1.44403493776973
0.466666666666667,0.333333333333333,0.0733333333333333,0.2,1.24013065382273
0.473333333333333,0.413333333333333,0.0866666666666667,0.253333333333333,1.02137580245688
0.46,0.24,0.08,0.253333333333333,1.36174841482075
0.44,0.326666666666667,0.12,0.233333333333333,1.19163312751809
0.453333333333333,0.313333333333333,0.106666666666667,0.206666666666667,1.29291400847507
0.393333333333333,0.306666666666667,0.08,0.28,0.989404653121467
0.5,0.36,0.106666666666667,0.213333333333333,1.27358834394104
0.54,0.34,0.0866666666666667,0.32,1.18103055424422
0.46,0.3,0.0866666666666667,0.226666666666667,1.26959067963799
0.386666666666667,0.353333333333333,0.08,0.266666666666667,0.915549400897142
0.446666666666667,0.353333333333333,0.08,0.226666666666667,1.1072400642128
0.44,0.393333333333333,0.0933333333333333,0.226666666666667,1.03473051158429
0.44,0.353333333333333,0.1,0.226666666666667,1.11921311769863
0.446666666666667,0.333333333333333,0.133333333333333,0.233333333333333,1.21047833604024
0.44,0.293333333333333,0.0866666666666667,0.22,1.25135326941542
0.4,0.34,0.2,0.213333333333333,1.21930545594084
0.42,0.34,0.0733333333333333,0.206666666666667,1.09983151574231
0.446666666666667,0.406666666666667,0.113333333333333,0.293333333333333,0.958602060598547
0.473333333333333,0.346666666666667,0.1,0.246666666666667,1.17134022517994
0.446666666666667,0.373333333333333,0.0933333333333333,0.233333333333333,1.07471945599027
0.473333333333333,0.32,0.12,0.266666666666667,1.2184143618495
0.44,0.406666666666667,0.08,0.24,0.976844918175521
0.413333333333333,0.386666666666667,0.06,0.3,0.855389540162243
0.406666666666667,0.38,0.126666666666667,0.266666666666667,0.972206177690561
0.426666666666667,0.246666666666667,0.113333333333333,0.246666666666667,1.32336931001131
0.466666666666667,0.286666666666667,0.06,0.2,1.34492269893146
0.513333333333333,0.32,0.08,0.193333333333333,1.41662370896773
0.4,0.36,0.106666666666667,0.286666666666667,0.938925001798983
0.433333333333333,0.36,0.14,0.193333333333333,1.20644364258026
0.466666666666667,0.406666666666667,0.08,0.213333333333333,1.07022495612659
0.493333333333333,0.373333333333333,0.0666666666666667,0.173333333333333,1.25277389836608
0.46,0.353333333333333,0.0733333333333333,0.266666666666667,1.06155437349408
0.4,0.293333333333333,0.1,0.273333333333333,1.06850115855957
0.446666666666667,0.326666666666667,0.106666666666667,0.246666666666667,1.16322692336052
0.48,0.386666666666667,0.0866666666666667,0.313333333333333,0.995096291773198
0.46,0.366666666666667,0.113333333333333,0.246666666666667,1.11956690915243
0.486666666666667,0.353333333333333,0.12,0.22,1.26375606289841
0.48,0.32,0.126666666666667,0.206666666666667,1.37095526737054
0.406666666666667,0.293333333333333,0.12,0.266666666666667,1.1240808705446
0.426666666666667,0.333333333333333,0.1,0.193333333333333,1.1954620286479
0.44,0.286666666666667,0.08,0.253333333333333,1.18709414099022
0.473333333333333,0.313333333333333,0.14,0.333333333333333,1.14017159224132
0.46,0.32,0.0666666666666667,0.273333333333333,1.10551720244528
0.42,0.32,0.153333333333333,0.246666666666667,1.18096892508034
0.453333333333333,0.386666666666667,0.12,0.18,1.1906317745112
0.513333333333333,0.333333333333333,0.12,0.22,1.37476522428175
0.433333333333333,0.346666666666667,0.133333333333333,0.226666666666667,1.16326496877931
0.426666666666667,0.38,0.113333333333333,0.233333333333333,1.04550565966103
0.46,0.36,0.126666666666667,0.226666666666667,1.18541298223609
0.453333333333333,0.366666666666667,0.0666666666666667,0.3,0.969234421258661
0.493333333333333,0.353333333333333,0.0733333333333333,0.273333333333333,1.12073354781099
0.48,0.38,0.106666666666667,0.2,1.20941066286364
0.513333333333333,0.326666666666667,0.1,0.253333333333333,1.29219411992589
0.5,0.28,0.1,0.286666666666667,1.30538474128458
0.46,0.333333333333333,0.0733333333333333,0.233333333333333,1.15827945722219
0.406666666666667,0.313333333333333,0.12,0.22,1.16904220292992
0.506666666666667,0.353333333333333,0.16,0.273333333333333,1.25713448852025
0.373333333333333,0.326666666666667,0.12,0.266666666666667,0.983093321363766
0.473333333333333,0.326666666666667,0.0666666666666667,0.293333333333333,1.08821746951211
0.466666666666667,0.38,0.133333333333333,0.193333333333333,1.22813396521509
0.44,0.306666666666667,0.0866666666666667,0.273333333333333,1.11465385274875
0.46,0.346666666666667,0.12,0.206666666666667,1.24504602935465
0.473333333333333,0.406666666666667,0.133333333333333,0.253333333333333,1.08737039489186
0.446666666666667,0.393333333333333,0.133333333333333,0.213333333333333,1.12059256902457
0.4,0.253333333333333,0.106666666666667,0.266666666666667,1.17996294587269
0.42,0.36,0.0733333333333333,0.206666666666667,1.05891166683662
0.413333333333333,0.333333333333333,0.14,0.226666666666667,1.15548400080499
0.473333333333333,0.38,0.106666666666667,0.24,1.12455928925224
0.466666666666667,0.346666666666667,0.0733333333333333,0.2,1.20824002036704
0.486666666666667,0.366666666666667,0.1,0.28,1.10445135290731
0.446666666666667,0.346666666666667,0.113333333333333,0.28,1.07524755493072
0.513333333333333,0.34,0.0733333333333333,0.22,1.29242780366445
0.44,0.373333333333333,0.0733333333333333,0.226666666666667,1.04521358297953
0.506666666666667,0.333333333333333,0.0933333333333333,0.16,1.46617718691711
0.486666666666667,0.433333333333333,0.08,0.2,1.08386178467283
0.52,0.26,0.133333333333333,0.286666666666667,1.4539291904976
0.44,0.36,0.113333333333333,0.26,1.0683249823104
0.426666666666667,0.346666666666667,0.12,0.253333333333333,1.08413452961023
0.54,0.286666666666667,0.14,0.213333333333333,1.62900367413833
0.46,0.3,0.08,0.173333333333333,1.38823192270074
0.5,0.373333333333333,0.126666666666667,0.193333333333333,1.31000058065747
0.48,0.366666666666667,0.0866666666666667,0.213333333333333,1.18673955605279
0.506666666666667,0.36,0.12,0.206666666666667,1.32065019467966
0.446666666666667,0.353333333333333,0.106666666666667,0.286666666666667,1.04482816197726
0.486666666666667,0.34,0.1,0.286666666666667,1.14389675907685
0.466666666666667,0.333333333333333,0.133333333333333,0.286666666666667,1.15711156358864
0.426666666666667,0.28,0.126666666666667,0.22,1.31491035374315
0.5,0.326666666666667,0.106666666666667,0.246666666666667,1.28469193933811
0.44,0.3,0.0866666666666667,0.18,1.32759047039067
0.466666666666667,0.413333333333333,0.08,0.193333333333333,1.0896482221909
0.453333333333333,0.3,0.0933333333333333,0.266666666666667,1.18096103937291
0.466666666666667,0.353333333333333,0.0933333333333333,0.273333333333333,1.09018046744463
0.5,0.306666666666667,0.0733333333333333,0.26,1.25905571138224
0.466666666666667,0.293333333333333,0.0733333333333333,0.24,1.25411947023546
0.466666666666667,0.4,0.0933333333333333,0.233333333333333,1.06784656370512
0.473333333333333,0.306666666666667,0.113333333333333,0.246666666666667,1.28063730512946
0.526666666666667,0.306666666666667,0.133333333333333,0.273333333333333,1.37448688894077
0.44,0.36,0.106666666666667,0.24,1.09206868550361
0.446666666666667,0.406666666666667,0.113333333333333,0.246666666666667,1.02073260821799
0.453333333333333,0.32,0.1,0.28,1.12345738141993
0.46,0.326666666666667,0.12,0.22,1.26567680928813
0.486666666666667,0.346666666666667,0.08,0.233333333333333,1.19881658740447
0.373333333333333,0.306666666666667,0.0933333333333333,0.24,1.02702761654855
0.473333333333333,0.4,0.126666666666667,0.24,1.11177176179667
0.453333333333333,0.326666666666667,0.166666666666667,0.266666666666667,1.22153998818475
0.513333333333333,0.333333333333333,0.106666666666667,0.213333333333333,1.37098621742473
0.386666666666667,0.353333333333333,0.0866666666666667,0.286666666666667,0.897507245619746
0.473333333333333,0.353333333333333,0.12,0.193333333333333,1.28800958793626
0.426666666666667,0.333333333333333,0.0866666666666667,0.246666666666667,1.07697957592606
0.44,0.32,0.126666666666667,0.206666666666667,1.2723438315017
0.5,0.34,0.113333333333333,0.253333333333333,1.24959051704683
0.44,0.28,0.12,0.193333333333333,1.40808818919753
0.433333333333333,0.413333333333333,0.08,0.246666666666667,0.944402598541138
0.36,0.346666666666667,0.166666666666667,0.233333333333333,1.03158084131067
0.453333333333333,0.34,0.0666666666666667,0.226666666666667,1.13176483140156
0.44,0.366666666666667,0.126666666666667,0.226666666666667,1.1276381008364
0.466666666666667,0.366666666666667,0.0866666666666667,0.206666666666667,1.16917732544695
0.433333333333333,0.293333333333333,0.106666666666667,0.206666666666667,1.2957300124959
0.453333333333333,0.366666666666667,0.133333333333333,0.22,1.17753519248288
0.433333333333333,0.293333333333333,0.12,0.213333333333333,1.30077595069216
0.446666666666667,0.4,0.106666666666667,0.206666666666667,1.08474307075481
0.506666666666667,0.38,0.14,0.2,1.31320324797812
0.486666666666667,0.36,0.0866666666666667,0.24,1.1671359109167
0.466666666666667,0.406666666666667,0.12,0.233333333333333,1.08849067537328
0.426666666666667,0.266666666666667,0.0933333333333333,0.233333333333333,1.26760860194454
0.433333333333333,0.326666666666667,0.126666666666667,0.273333333333333,1.11288801051131
0.466666666666667,0.366666666666667,0.106666666666667,0.246666666666667,1.12520869081857
0.46,0.333333333333333,0.126666666666667,0.22,1.25892897298339
0.433333333333333,0.346666666666667,0.12,0.253333333333333,1.09862544454004
0.473333333333333,0.286666666666667,0.146666666666667,0.206666666666667,1.48353227938315
0.453333333333333,0.34,0.14,0.186666666666667,1.31750334511155
0.44,0.333333333333333,0.12,0.226666666666667,1.18951393375772
0.446666666666667,0.393333333333333,0.0866666666666667,0.326666666666667,0.907675722687743
0.433333333333333,0.34,0.16,0.226666666666667,1.21451964323258
0.446666666666667,0.366666666666667,0.0733333333333333,0.213333333333333,1.09452465102088
0.36,0.38,0.126666666666667,0.253333333333333,0.895061595521959
0.473333333333333,0.406666666666667,0.0866666666666667,0.213333333333333,1.09241433188685
0.486666666666667,0.313333333333333,0.12,0.26,1.27702378086463
0.426666666666667,0.36,0.12,0.2,1.15035979243311
0.413333333333333,0.293333333333333,0.1,0.206666666666667,1.23319823822036
0.446666666666667,0.313333333333333,0.113333333333333,0.233333333333333,1.22890986541374
0.5,0.28,0.12,0.233333333333333,1.46055287672381
0.38,0.3,0.113333333333333,0.266666666666667,1.03881051424222
0.446666666666667,0.34,0.106666666666667,0.206666666666667,1.2104972501078
0.353333333333333,0.346666666666667,0.1,0.2,0.978027763034689
0.413333333333333,0.34,0.12,0.24,1.09016097137866
0.466666666666667,0.306666666666667,0.113333333333333,0.233333333333333,1.29343953835668
0.473333333333333,0.293333333333333,0.0933333333333333,0.22,1.34630709359012
0.44,0.353333333333333,0.0866666666666667,0.186666666666667,1.17495674669843
0.46,0.34,0.0666666666666667,0.293333333333333,1.03608272260114
0.473333333333333,0.306666666666667,0.12,0.18,1.45028941963301
0.486666666666667,0.346666666666667,0.126666666666667,0.24,1.24860485538653
0.426666666666667,0.3,0.133333333333333,0.233333333333333,1.24208302831501
0.52,0.3,0.0933333333333333,0.226666666666667,1.42828103536967
0.46,0.306666666666667,0.0866666666666667,0.253333333333333,1.19797225072915
0.506666666666667,0.32,0.133333333333333,0.293333333333333,1.25827244707981
0.413333333333333,0.286666666666667,0.146666666666667,0.246666666666667,1.23366805138451
0.433333333333333,0.293333333333333,0.0866666666666667,0.213333333333333,1.2492336724108
0.44,0.366666666666667,0.0733333333333333,0.24,1.03647680838911
0.44,0.386666666666667,0.113333333333333,0.226666666666667,1.0719468340353
0.473333333333333,0.32,0.0933333333333333,0.22,1.27577491780509
0.466666666666667,0.3,0.126666666666667,0.26,1.27207109002207
0.406666666666667,0.34,0.0666666666666667,0.24,1.00322680077705
0.453333333333333,0.32,0.12,0.273333333333333,1.1616207235834
0.433333333333333,0.353333333333333,0.12,0.24,1.10802751445249
0.44,0.246666666666667,0.113333333333333,0.24,1.37622137164158
0.446666666666667,0.353333333333333,0.0933333333333333,0.226666666666667,1.12516902804156
0.56,0.286666666666667,0.0933333333333333,0.206666666666667,1.62786264830588
0.446666666666667,0.32,0.146666666666667,0.28,1.17022287146575
0.393333333333333,0.346666666666667,0.08,0.186666666666667,1.06782069215054
0.453333333333333,0.326666666666667,0.113333333333333,0.24,1.20029684959446
0.413333333333333,0.34,0.0866666666666667,0.273333333333333,0.993113809453843
0.4,0.306666666666667,0.0933333333333333,0.273333333333333,1.03311800056605
0.453333333333333,0.36,0.153333333333333,0.226666666666667,1.20609889633449
0.46,0.393333333333333,0.1,0.266666666666667,1.02490876789708
0.48,0.306666666666667,0.08,0.233333333333333,1.27724849284307
0.48,0.313333333333333,0.106666666666667,0.24,1.28460552112167
0.473333333333333,0.313333333333333,0.1,0.28,1.18127021538505
0.526666666666667,0.353333333333333,0.12,0.193333333333333,1.41395354847324
0.473333333333333,0.346666666666667,0.0866666666666667,0.213333333333333,1.21609595258098
0.493333333333333,0.32,0.113333333333333,0.24,1.3087487456843
0.486666666666667,0.306666666666667,0.133333333333333,0.213333333333333,1.41895578991591
0.54,0.24,0.126666666666667,0.2,1.83504734586111
0.473333333333333,0.346666666666667,0.0533333333333333,0.273333333333333,1.06604670132009
0.5,0.353333333333333,0.12,0.266666666666667,1.20484352837348
0.406666666666667,0.386666666666667,0.153333333333333,0.2,1.09549304858678
0.533333333333333,0.333333333333333,0.153333333333333,0.24,1.42198447008574
0.426666666666667,0.36,0.106666666666667,0.226666666666667,1.08513731792947
0.56,0.293333333333333,0.12,0.22,1.60744750427898
0.553333333333333,0.28,0.12,0.266666666666667,1.50689410435971
0.46,0.32,0.0933333333333333,0.26,1.16499085923218
0.413333333333333,0.34,0.113333333333333,0.253333333333333,1.05895651807593
0.48,0.346666666666667,0.12,0.166666666666667,1.38247155704349
0.44,0.386666666666667,0.08,0.213333333333333,1.05038950638971
0.433333333333333,0.36,0.0933333333333333,0.233333333333333,1.07110593936684
0.466666666666667,0.313333333333333,0.12,0.26,1.23131499771248
0.493333333333333,0.393333333333333,0.106666666666667,0.22,1.17411954768855
0.386666666666667,0.253333333333333,0.14,0.246666666666667,1.24118961002739
0.46,0.326666666666667,0.0933333333333333,0.26,1.15087081333874
0.426666666666667,0.306666666666667,0.133333333333333,0.226666666666667,1.23975663573671
0.48,0.313333333333333,0.1,0.286666666666667,1.18379271433754
0.406666666666667,0.38,0.12,0.253333333333333,0.982619608929502
0.46,0.286666666666667,0.12,0.206666666666667,1.40596681514825
