PPV_A_e,PPV_A_ne,PPV_B_e,PPV_B_ne,PPV_C_e,PPV_C_ne,RR
0.78,0.826666666666667,0.913333333333333,0.8,1,0.973333333333333,1.28646556101777
0.786666666666667,0.86,0.88,0.866666666666667,1,1,1.14644195084866
0.766666666666667,0.813333333333333,0.926666666666667,0.9,1,0.986666666666667,1.1937803656162
0.82,0.873333333333333,0.906666666666667,0.866666666666667,1,0.986666666666667,1.1805782892017
0.826666666666667,0.826666666666667,0.92,0.88,1,1,1.24296896455351
0.82,0.82,0.906666666666667,0.846666666666667,1,1,1.27014502291513
0.793333333333333,0.846666666666667,0.9,0.846666666666667,0.986666666666667,1,1.22138391048513
0.826666666666667,0.893333333333333,0.886666666666667,0.893333333333333,0.986666666666667,1,1.12657995769138
0.786666666666667,0.853333333333333,0.893333333333333,0.88,1,1,1.15535387084488
0.833333333333333,0.86,0.92,0.866666666666667,1,1,1.22873785022859
0.826666666666667,0.846666666666667,0.913333333333333,0.826666666666667,1,1,1.28017370325694
0.8,0.84,0.926666666666667,0.88,0.986666666666667,1,1.22768576119146
0.813333333333333,0.88,0.926666666666667,0.833333333333333,1,1,1.24458994303839
0.786666666666667,0.846666666666667,0.9,0.866666666666667,1,1,1.18600802516346
0.76,0.853333333333333,0.9,0.846666666666667,1,1,1.18566599899082
0.806666666666667,0.813333333333333,0.913333333333333,0.88,1,1,1.2351635795512
0.74,0.773333333333333,0.913333333333333,0.906666666666667,1,0.986666666666667,1.19142348917471
0.82,0.86,0.913333333333333,0.833333333333333,1,1,1.25237732081356
0.8,0.88,0.94,0.866666666666667,0.986666666666667,0.986666666666667,1.2112264883042
0.76,0.873333333333333,0.9,0.866666666666667,0.973333333333333,1,1.15654979899454
0.8,0.826666666666667,0.933333333333333,0.846666666666667,1,0.96,1.25618891646441
0.78,0.846666666666667,0.9,0.86,1,1,1.18957919042554
0.8,0.82,0.88,0.92,1,1,1.13367384534512
0.786666666666667,0.806666666666667,0.946666666666667,0.846666666666667,1,1,1.3189292994885
0.84,0.853333333333333,0.913333333333333,0.906666666666667,1,0.986666666666667,1.17578162970243
0.78,0.853333333333333,0.886666666666667,0.886666666666667,1,1,1.13508415277743
0.8,0.82,0.926666666666667,0.92,1,0.986666666666667,1.18513816596843
0.733333333333333,0.846666666666667,0.886666666666667,0.866666666666667,1,1,1.13399274850163
0.733333333333333,0.853333333333333,0.913333333333333,0.893333333333333,1,1,1.13315948606385
0.84,0.846666666666667,0.873333333333333,0.873333333333333,1,1,1.17701130928327
0.826666666666667,0.82,0.866666666666667,0.886666666666667,1,1,1.17059178994066
0.813333333333333,0.846666666666667,0.926666666666667,0.886666666666667,1,1,1.21457642649012
0.873333333333333,0.88,0.92,0.86,0.986666666666667,1,1.24821648143711
0.813333333333333,0.84,0.906666666666667,0.866666666666667,1,1,1.21889773479727
0.866666666666667,0.866666666666667,0.933333333333333,0.82,1,1,1.32044319183968
0.78,0.833333333333333,0.913333333333333,0.86,1,0.986666666666667,1.21185963010995
0.826666666666667,0.76,0.886666666666667,0.853333333333333,1,1,1.30717123301269
0.773333333333333,0.86,0.9,0.846666666666667,1,1,1.18755477668993
0.826666666666667,0.84,0.913333333333333,0.913333333333333,1,1,1.18151671660431
0.82,0.9,0.88,0.873333333333333,1,0.986666666666667,1.1145515728539
0.833333333333333,0.84,0.886666666666667,0.86,1,1,1.21310568228106
0.793333333333333,0.813333333333333,0.926666666666667,0.893333333333333,1,1,1.22801875519744
0.773333333333333,0.84,0.886666666666667,0.88,1,0.986666666666667,1.14229433188225
0.786666666666667,0.813333333333333,0.913333333333333,0.853333333333333,1,1,1.25579048124291
0.86,0.813333333333333,0.92,0.873333333333333,1,1,1.2875951829896
0.786666666666667,0.906666666666667,0.906666666666667,0.92,1,1,1.08267424734218
0.793333333333333,0.853333333333333,0.886666666666667,0.893333333333333,0.986666666666667,1,1.14280691630499
0.8,0.833333333333333,0.92,0.893333333333333,0.986666666666667,1,1.20980177960127
0.806666666666667,0.86,0.92,0.873333333333333,1,1,1.20393416028513
0.8,0.826666666666667,0.94,0.886666666666667,1,1,1.24424390297802
0.793333333333333,0.9,0.94,0.886666666666667,1,1,1.16765965448829
0.84,0.8,0.893333333333333,0.84,1,0.986666666666667,1.28634870919364
0.84,0.82,0.92,0.9,1,1,1.23402557487233
0.833333333333333,0.886666666666667,0.94,0.906666666666667,1,1,1.18233783831972
0.753333333333333,0.846666666666667,0.946666666666667,0.846666666666667,0.986666666666667,1,1.25853199615463
0.82,0.813333333333333,0.9,0.88,1,1,1.22584393679121
0.84,0.833333333333333,0.893333333333333,0.873333333333333,0.986666666666667,1,1.22404123144552
0.786666666666667,0.853333333333333,0.906666666666667,0.873333333333333,1,1,1.18042229734773
0.8,0.846666666666667,0.913333333333333,0.886666666666667,1,1,1.18877366864578
0.84,0.813333333333333,0.933333333333333,0.92,0.986666666666667,1,1.24102125042179
0.78,0.846666666666667,0.88,0.84,1,1,1.18644035878597
0.826666666666667,0.82,0.873333333333333,0.84,1,1,1.23681538917842
0.78,0.833333333333333,0.9,0.913333333333333,1,1,1.14184179844419
0.793333333333333,0.833333333333333,0.906666666666667,0.893333333333333,1,1,1.18130422321865
0.786666666666667,0.84,0.926666666666667,0.88,1,0.986666666666667,1.20317436503174
0.826666666666667,0.833333333333333,0.94,0.866666666666667,1,1,1.27939698492462
0.806666666666667,0.82,0.9,0.846666666666667,1,1,1.25193242208613
0.76,0.92,0.933333333333333,0.86,1,1,1.14944132132084
0.806666666666667,0.826666666666667,0.926666666666667,0.84,1,1,1.29028643130568
0.8,0.84,0.94,0.893333333333333,1,1,1.22243082738703
0.766666666666667,0.82,0.906666666666667,0.86,1,1,1.21756851015841
0.82,0.84,0.933333333333333,0.88,1,1,1.24240048311207
0.793333333333333,0.806666666666667,0.9,0.846666666666667,1,1,1.25781846633702
0.82,0.806666666666667,0.906666666666667,0.886666666666667,1,1,1.23365429238369
0.78,0.853333333333333,0.94,0.9,1,1,1.18899702188651
0.826666666666667,0.833333333333333,0.913333333333333,0.88,1,1,1.22710796105119
0.793333333333333,0.86,0.953333333333333,0.833333333333333,1,1,1.28928502950528
0.76,0.88,0.866666666666667,0.873333333333333,1,1,1.08665472157773
0.8,0.813333333333333,0.933333333333333,0.926666666666667,1,1,1.201461444153
0.786666666666667,0.86,0.886666666666667,0.92,1,1,1.09787035038492
0.813333333333333,0.82,0.926666666666667,0.853333333333333,0.986666666666667,1,1.29176684261973
0.846666666666667,0.893333333333333,0.906666666666667,0.893333333333333,1,1,1.15713784020407
0.8,0.84,0.933333333333333,0.866666666666667,1,1,1.24597699379418
0.806666666666667,0.873333333333333,0.88,0.853333333333333,1,1,1.1613467072846
0.82,0.833333333333333,0.913333333333333,0.88,0.986666666666667,1,1.22971751212475
0.806666666666667,0.826666666666667,0.926666666666667,0.86,1,1,1.26411114066253
0.733333333333333,0.866666666666667,0.913333333333333,0.86,1,0.986666666666667,1.14879860923783
0.793333333333333,0.853333333333333,0.873333333333333,0.86,1,1,1.15590406964492
0.786666666666667,0.84,0.886666666666667,0.853333333333333,1,0.986666666666667,1.18146946759306
0.806666666666667,0.84,0.866666666666667,0.8,1,1,1.24362981087474
0.76,0.846666666666667,0.92,0.873333333333333,1,1,1.18765187911278
0.786666666666667,0.86,0.946666666666667,0.88,1,1,1.21827609222609
0.806666666666667,0.853333333333333,0.913333333333333,0.873333333333333,1,1,1.20188348956099
0.846666666666667,0.793333333333333,0.913333333333333,0.886666666666667,1,1,1.27463191328606
0.813333333333333,0.886666666666667,0.933333333333333,0.893333333333333,1,1,1.17657503177122
0.793333333333333,0.873333333333333,0.913333333333333,0.9,1,1,1.14440992573696
0.793333333333333,0.82,0.853333333333333,0.88,1,1,1.13885895772852
0.8,0.86,0.933333333333333,0.873333333333333,1,1,1.21716065190494
0.806666666666667,0.84,0.946666666666667,0.793333333333333,1,0.986666666666667,1.35676833639609
0.82,0.853333333333333,0.92,0.926666666666667,1,1,1.15864953808559
0.746666666666667,0.86,0.9,0.866666666666667,1,1,1.14735041944952
0.74,0.826666666666667,0.913333333333333,0.88,1,1,1.17816735836106
0.806666666666667,0.84,0.933333333333333,0.893333333333333,1,1,1.21793439042992
0.8,0.84,0.926666666666667,0.866666666666667,1,1,1.23705323457398
0.813333333333333,0.806666666666667,0.92,0.82,1,1,1.33683995888593
0.813333333333333,0.886666666666667,0.893333333333333,0.866666666666667,1,1,1.15513651673613
0.786666666666667,0.913333333333333,0.886666666666667,0.826666666666667,1,1,1.14890934992936
0.793333333333333,0.86,0.9,0.866666666666667,1,1,1.17700056340991
0.826666666666667,0.84,0.92,0.833333333333333,1,1,1.28812978898246
0.846666666666667,0.833333333333333,0.926666666666667,0.86,1,0.986666666666667,1.27306774817415
0.846666666666667,0.826666666666667,0.866666666666667,0.88,1,1,1.18461485881709
0.853333333333333,0.813333333333333,0.926666666666667,0.84,1,1,1.33741701078561
0.793333333333333,0.84,0.906666666666667,0.893333333333333,0.986666666666667,1,1.1815278766854
0.826666666666667,0.82,0.873333333333333,0.853333333333333,1,1,1.21987585634507
0.8,0.826666666666667,0.9,0.88,1,1,1.19905065095851
0.853333333333333,0.826666666666667,0.906666666666667,0.866666666666667,1,1,1.25904327573783
0.773333333333333,0.833333333333333,0.926666666666667,0.866666666666667,1,1,1.22678762832818
0.78,0.8,0.906666666666667,0.886666666666667,1,1,1.21454149273082
0.806666666666667,0.866666666666667,0.9,0.84,1,1,1.21032457293677
0.84,0.82,0.906666666666667,0.853333333333333,1,1,1.2747747164183
0.773333333333333,0.846666666666667,0.886666666666667,0.846666666666667,0.986666666666667,1,1.19016811477905
0.786666666666667,0.873333333333333,0.966666666666667,0.86,1,0.973333333333333,1.23602119606359
0.833333333333333,0.84,0.92,0.86,0.986666666666667,0.986666666666667,1.25525591351624
0.8,0.853333333333333,0.926666666666667,0.9,0.986666666666667,1,1.19092456137662
0.76,0.84,0.92,0.88,1,1,1.18652405262242
0.8,0.893333333333333,0.92,0.84,1,1,1.20539114926546
0.8,0.84,0.893333333333333,0.873333333333333,1,0.986666666666667,1.17555744165407
0.82,0.82,0.913333333333333,0.906666666666667,0.986666666666667,1,1.21143617284709
0.786666666666667,0.846666666666667,0.92,0.853333333333333,1,1,1.22885630038699
0.866666666666667,0.866666666666667,0.92,0.846666666666667,0.986666666666667,1,1.27458765066503
0.806666666666667,0.873333333333333,0.886666666666667,0.906666666666667,1,0.986666666666667,1.10397208845461
0.8,0.84,0.88,0.886666666666667,0.986666666666667,1,1.15844640991497
0.86,0.853333333333333,0.906666666666667,0.806666666666667,1,1,1.31259237020263
0.78,0.82,0.92,0.88,1,0.986666666666667,1.21040965343537
0.8,0.826666666666667,0.906666666666667,0.906666666666667,1,1,1.17676046709643
0.793333333333333,0.866666666666667,0.913333333333333,0.846666666666667,0.986666666666667,1,1.21843386559405
0.793333333333333,0.84,0.9,0.866666666666667,1,1,1.19705030875129
0.813333333333333,0.86,0.906666666666667,0.886666666666667,0.986666666666667,1,1.18214764090895
0.873333333333333,0.86,0.886666666666667,0.9,1,1,1.17201895085776
0.813333333333333,0.866666666666667,0.9,0.86,0.986666666666667,1,1.1976619876774
0.786666666666667,0.853333333333333,0.906666666666667,0.86,0.986666666666667,1,1.20293048152931
0.813333333333333,0.866666666666667,0.88,0.853333333333333,1,1,1.1721470904556
0.84,0.9,0.9,0.846666666666667,0.986666666666667,1,1.19682287860654
0.786666666666667,0.846666666666667,0.94,0.913333333333333,1,1,1.18449991998535
0.813333333333333,0.813333333333333,0.926666666666667,0.86,1,1,1.28333919563636
0.82,0.846666666666667,0.9,0.886666666666667,0.986666666666667,0.986666666666667,1.18184517045705
0.793333333333333,0.84,0.913333333333333,0.88,0.986666666666667,1,1.20582074062521
0.82,0.873333333333333,0.886666666666667,0.86,1,0.986666666666667,1.16218846152559
0.88,0.853333333333333,0.873333333333333,0.88,1,1,1.1880865927698
0.746666666666667,0.866666666666667,0.906666666666667,0.866666666666667,0.986666666666667,1,1.15648900635171
0.786666666666667,0.853333333333333,0.866666666666667,0.906666666666667,1,1,1.09220381453533
0.826666666666667,0.846666666666667,0.94,0.84,0.986666666666667,1,1.30635085267955
0.753333333333333,0.813333333333333,0.9,0.886666666666667,1,1,1.17448152394746
0.8,0.86,0.9,0.86,1,1,1.18899953736597
0.786666666666667,0.766666666666667,0.913333333333333,0.886666666666667,1,1,1.2643750744643
0.84,0.826666666666667,0.92,0.866666666666667,1,1,1.26838105996824
0.82,0.873333333333333,0.906666666666667,0.853333333333333,1,1,1.20499794608237
0.853333333333333,0.833333333333333,0.933333333333333,0.853333333333333,1,1,1.30518522679817
0.84,0.84,0.92,0.88,1,1,1.23754116750751
0.786666666666667,0.833333333333333,0.88,0.886666666666667,1,0.986666666666667,1.14091742617236
0.833333333333333,0.826666666666667,0.96,0.913333333333333,1,1,1.25898741506446
0.813333333333333,0.88,0.926666666666667,0.846666666666667,1,1,1.22829127931033
0.8,0.82,0.933333333333333,0.88,1,1,1.25067167150921
0.76,0.86,0.906666666666667,0.9,1,1,1.1277786105804
0.826666666666667,0.76,0.893333333333333,0.906666666666667,1,1,1.2448911674049
0.8,0.84,0.886666666666667,0.873333333333333,1,1,1.17570348804793
0.8,0.866666666666667,0.92,0.873333333333333,0.986666666666667,1,1.19984732983704
0.833333333333333,0.8,0.926666666666667,0.886666666666667,1,1,1.27665465223894
0.793333333333333,0.866666666666667,0.9,0.92,1,1,1.11266951230629
0.786666666666667,0.82,0.866666666666667,0.9,1,1,1.1298565528457
0.786666666666667,0.846666666666667,0.886666666666667,0.873333333333333,1,1,1.16059790707305
0.82,0.866666666666667,0.88,0.893333333333333,1,0.986666666666667,1.12348249848466
0.793333333333333,0.886666666666667,0.84,0.853333333333333,0.986666666666667,1,1.09470081441204
0.766666666666667,0.826666666666667,0.913333333333333,0.886666666666667,1,0.986666666666667,1.17847936795477
0.76,0.88,0.913333333333333,0.86,1,1,1.16149986145993
0.846666666666667,0.846666666666667,0.9,0.873333333333333,0.986666666666667,1,1.2233803114031
0.866666666666667,0.853333333333333,0.873333333333333,0.846666666666667,1,1,1.21918426647521
0.873333333333333,0.84,0.886666666666667,0.84,1,1,1.26448440055018
0.8,0.826666666666667,0.926666666666667,0.86,1,1,1.25972430245641
0.713333333333333,0.873333333333333,0.9,0.88,1,1,1.09953589066782
0.786666666666667,0.813333333333333,0.913333333333333,0.88,1,1,1.22211685697185
0.793333333333333,0.866666666666667,0.913333333333333,0.88,1,1,1.17268843416182
0.8,0.866666666666667,0.9,0.873333333333333,0.986666666666667,1,1.17383946759922
0.793333333333333,0.82,0.92,0.88,1,0.973333333333333,1.20969408784535
0.846666666666667,0.82,0.893333333333333,0.853333333333333,0.986666666666667,1,1.26796595556889
0.726666666666667,0.833333333333333,0.933333333333333,0.846666666666667,0.986666666666667,1,1.2371992137277
0.806666666666667,0.833333333333333,0.92,0.893333333333333,1,0.986666666666667,1.19817004345896
0.793333333333333,0.886666666666667,0.92,0.873333333333333,1,1,1.16956783148943
0.8,0.833333333333333,0.926666666666667,0.86,1,1,1.25248211789888
0.78,0.853333333333333,0.906666666666667,0.866666666666667,1,1,1.18391328946599
0.806666666666667,0.853333333333333,0.933333333333333,0.873333333333333,1,1,1.22818148615149
0.786666666666667,0.866666666666667,0.933333333333333,0.866666666666667,1,0.986666666666667,1.20082146603056
0.806666666666667,0.846666666666667,0.906666666666667,0.873333333333333,1,0.973333333333333,1.18179395050593
0.76,0.813333333333333,0.92,0.833333333333333,1,0.986666666666667,1.2631652895113
0.806666666666667,0.86,0.94,0.866666666666667,0.986666666666667,1,1.2449388736105
0.84,0.893333333333333,0.946666666666667,0.853333333333333,1,0.986666666666667,1.24023497630206
0.773333333333333,0.88,0.906666666666667,0.873333333333333,1,0.986666666666667,1.13794451606893
0.826666666666667,0.846666666666667,0.946666666666667,0.893333333333333,0.986666666666667,1,1.24776542453793
0.806666666666667,0.846666666666667,0.933333333333333,0.82,1,1,1.30347295730419
0.853333333333333,0.786666666666667,0.906666666666667,0.873333333333333,1,1,1.29497074692055
0.766666666666667,0.846666666666667,0.933333333333333,0.886666666666667,1,1,1.19387491215908
0.793333333333333,0.88,0.886666666666667,0.893333333333333,1,1,1.11179364230314
0.82,0.9,0.866666666666667,0.833333333333333,1,1,1.14909245448836
0.886666666666667,0.793333333333333,0.906666666666667,0.846666666666667,1,1,1.34663663785961
0.806666666666667,0.84,0.946666666666667,0.886666666666667,0.986666666666667,1,1.25016474021109
0.826666666666667,0.84,0.88,0.866666666666667,1,0.986666666666667,1.18269264409426
0.84,0.84,0.94,0.886666666666667,0.986666666666667,1,1.26253401336556
0.813333333333333,0.82,0.9,0.88,1,0.986666666666667,1.20519846940011
0.8,0.826666666666667,0.886666666666667,0.893333333333333,1,1,1.1657845029786
0.746666666666667,0.853333333333333,0.92,0.886666666666667,1,1,1.15746352803321
0.833333333333333,0.866666666666667,0.92,0.886666666666667,1,1,1.19856896302776
0.86,0.853333333333333,0.913333333333333,0.86,0.986666666666667,1,1.25897670711661
0.846666666666667,0.853333333333333,0.9,0.893333333333333,1,1,1.18652264595596
0.806666666666667,0.846666666666667,0.933333333333333,0.846666666666667,1,0.986666666666667,1.2584990753905
0.8,0.886666666666667,0.913333333333333,0.866666666666667,1,1,1.17259796879372
0.853333333333333,0.84,0.906666666666667,0.86,1,1,1.25306598082524
0.786666666666667,0.833333333333333,0.9,0.866666666666667,1,1,1.19955372971916
0.806666666666667,0.846666666666667,0.886666666666667,0.833333333333333,0.986666666666667,1,1.22857104758119
0.78,0.853333333333333,0.913333333333333,0.886666666666667,1,1,1.16969659103792
0.773333333333333,0.833333333333333,0.853333333333333,0.9,1,0.986666666666667,1.08347837966433
0.773333333333333,0.82,0.933333333333333,0.873333333333333,0.986666666666667,0.986666666666667,1.23900078563277
0.813333333333333,0.813333333333333,0.886666666666667,0.86,1,1,1.22817746391552
0.793333333333333,0.826666666666667,0.853333333333333,0.846666666666667,1,1,1.17121700766597
0.78,0.866666666666667,0.88,0.813333333333333,1,1,1.19809829150921
0.82,0.873333333333333,0.946666666666667,0.906666666666667,0.986666666666667,1,1.20168975604131
0.806666666666667,0.893333333333333,0.906666666666667,0.893333333333333,1,1,1.1330262379958
0.786666666666667,0.82,0.926666666666667,0.86,1,1,1.25822602339017
0.766666666666667,0.86,0.92,0.873333333333333,1,0.986666666666667,1.16986651647224
0.773333333333333,0.913333333333333,0.926666666666667,0.873333333333333,0.986666666666667,1,1.14746813216054
0.826666666666667,0.893333333333333,0.913333333333333,0.853333333333333,1,1,1.19793011792282
0.78,0.853333333333333,0.9,0.886666666666667,1,1,1.15239037190767
0.82,0.786666666666667,0.88,0.926666666666667,1,1,1.17072432612104
0.793333333333333,0.88,0.873333333333333,0.853333333333333,1,1,1.13770429391885
0.813333333333333,0.866666666666667,0.886666666666667,0.873333333333333,1,1,1.15813152664455
0.78,0.82,0.893333333333333,0.873333333333333,1,1,1.1918995754561
0.793333333333333,0.873333333333333,0.913333333333333,0.873333333333333,1,1,1.17377864895991
0.826666666666667,0.853333333333333,0.913333333333333,0.846666666666667,0.986666666666667,0.986666666666667,1.2444307898219
0.82,0.84,0.9,0.86,1,0.986666666666667,1.2129770579838
0.8,0.826666666666667,0.9,0.886666666666667,1,0.986666666666667,1.18211214867186
0.813333333333333,0.806666666666667,0.893333333333333,0.853333333333333,1,1,1.25327663626726
0.78,0.866666666666667,0.913333333333333,0.813333333333333,1,1,1.24411653580692
0.84,0.826666666666667,0.926666666666667,0.86,1,1,1.28604533169313
0.753333333333333,0.813333333333333,0.886666666666667,0.86,0.986666666666667,1,1.19538106187356
0.806666666666667,0.82,0.926666666666667,0.886666666666667,1,1,1.23778797970184
0.833333333333333,0.866666666666667,0.913333333333333,0.906666666666667,0.986666666666667,1,1.17422805599743
0.793333333333333,0.846666666666667,0.933333333333333,0.86,1,1,1.24286503813419
0.8,0.873333333333333,0.933333333333333,0.893333333333333,1,1,1.18107370371622
0.873333333333333,0.893333333333333,0.88,0.893333333333333,1,1,1.13991424112888
0.8,0.853333333333333,0.92,0.873333333333333,0.986666666666667,1,1.21323239490584
0.766666666666667,0.833333333333333,0.906666666666667,0.86,1,1,1.20356885032045
0.826666666666667,0.8,0.9,0.8,0.986666666666667,1,1.36241370067282
0.766666666666667,0.78,0.873333333333333,0.866666666666667,1,1,1.20574173611425
0.786666666666667,0.846666666666667,0.913333333333333,0.84,1,1,1.23641060067512
0.793333333333333,0.793333333333333,0.866666666666667,0.906666666666667,1,1,1.15232177581337
0.793333333333333,0.833333333333333,0.9,0.853333333333333,1,1,1.22018388225521
0.826666666666667,0.853333333333333,0.88,0.9,1,1,1.14097806965562
0.753333333333333,0.86,0.926666666666667,0.88,1,1,1.17138684070071
0.78,0.846666666666667,0.906666666666667,0.866666666666667,1,1,1.19059783357658
0.86,0.833333333333333,0.906666666666667,0.853333333333333,1,1,1.27319150711492
0.8,0.866666666666667,0.926666666666667,0.846666666666667,1,1,1.2336096304389
0.826666666666667,0.813333333333333,0.893333333333333,0.853333333333333,1,1,1.25483203936674
0.78,0.86,0.9,0.873333333333333,0.986666666666667,1,1.16772584032054
0.806666666666667,0.833333333333333,0.86,0.873333333333333,1,1,1.15101597878429
0.793333333333333,0.82,0.933333333333333,0.866666666666667,1,1,1.2631870025552
0.813333333333333,0.88,0.886666666666667,0.866666666666667,1,1,1.15284976529869
0.773333333333333,0.873333333333333,0.873333333333333,0.846666666666667,1,1,1.1387864376608
0.813333333333333,0.833333333333333,0.893333333333333,0.88,0.986666666666667,1,1.19887284767839
0.806666666666667,0.866666666666667,0.9,0.94,0.986666666666667,1,1.10663460530333
0.78,0.866666666666667,0.88,0.86,0.986666666666667,0.986666666666667,1.14144719459766
0.786666666666667,0.893333333333333,0.893333333333333,0.833333333333333,1,1,1.16952309500327
0.793333333333333,0.86,0.886666666666667,0.846666666666667,1,0.986666666666667,1.17353528261318
0.813333333333333,0.813333333333333,0.92,0.893333333333333,1,1,1.23200332636304
0.726666666666667,0.893333333333333,0.946666666666667,0.913333333333333,1,1,1.11404708917312
0.826666666666667,0.86,0.926666666666667,0.813333333333333,0.986666666666667,1,1.30844235285413
0.813333333333333,0.846666666666667,0.92,0.84,1,1,1.26312378215242
0.813333333333333,0.82,0.9,0.88,1,1,1.21453299864669
0.813333333333333,0.84,0.86,0.873333333333333,0.986666666666667,0.973333333333333,1.13824452585205
0.78,0.846666666666667,0.893333333333333,0.906666666666667,1,1,1.12815613719776
0.78,0.873333333333333,0.88,0.86,1,1,1.13693427999344
0.766666666666667,0.82,0.9,0.886666666666667,0.986666666666667,1,1.18334006450204
0.833333333333333,0.82,0.9,0.86,1,1,1.25255187330381
0.833333333333333,0.826666666666667,0.88,0.886666666666667,1,1,1.18596863771651
0.793333333333333,0.826666666666667,0.893333333333333,0.853333333333333,1,1,1.21813817444539
0.76,0.846666666666667,0.92,0.866666666666667,1,1,1.19549388441927
0.86,0.846666666666667,0.886666666666667,0.886666666666667,1,1,1.19177285449355
0.793333333333333,0.82,0.88,0.846666666666667,1,1,1.21518742058918
0.78,0.846666666666667,0.893333333333333,0.88,1,1,1.15756440629366
0.82,0.906666666666667,0.893333333333333,0.846666666666667,1,1,1.16250726703711
0.793333333333333,0.813333333333333,0.913333333333333,0.78,1,1,1.36358070862516
0.806666666666667,0.9,0.933333333333333,0.9,1,1,1.15307379595605
0.846666666666667,0.846666666666667,0.906666666666667,0.9,1,0.986666666666667,1.18521044617629
0.833333333333333,0.873333333333333,0.913333333333333,0.873333333333333,1,1,1.19875115915272
0.8,0.8,0.9,0.906666666666667,0.986666666666667,1,1.20135950706084
0.813333333333333,0.813333333333333,0.86,0.866666666666667,1,1,1.18330766608864
0.82,0.766666666666667,0.92,0.866666666666667,1,1,1.32373387218776
0.76,0.806666666666667,0.913333333333333,0.9,1,1,1.18764439337792
0.786666666666667,0.866666666666667,0.86,0.833333333333333,1,1,1.15127605790406
0.793333333333333,0.833333333333333,0.886666666666667,0.813333333333333,1,1,1.25287396160646
0.793333333333333,0.833333333333333,0.926666666666667,0.873333333333333,1,1,1.23156029022008
0.793333333333333,0.866666666666667,0.933333333333333,0.84,0.986666666666667,1,1.25343078467682
0.82,0.826666666666667,0.933333333333333,0.82,1,1,1.33618493281046
0.806666666666667,0.84,0.893333333333333,0.88,0.986666666666667,1,1.18790320161731
0.833333333333333,0.84,0.933333333333333,0.84,0.986666666666667,1,1.30922916104667
0.826666666666667,0.866666666666667,0.893333333333333,0.873333333333333,1,1,1.17517090259443
0.766666666666667,0.84,0.906666666666667,0.9,1,1,1.15054197409059
0.806666666666667,0.853333333333333,0.886666666666667,0.893333333333333,1,1,1.14442409415395
0.786666666666667,0.88,0.88,0.886666666666667,1,1,1.10624440220715
0.793333333333333,0.813333333333333,0.9,0.866666666666667,1,1,1.22487056493647
0.826666666666667,0.806666666666667,0.906666666666667,0.88,1,1,1.24634596433913
0.826666666666667,0.813333333333333,0.86,0.906666666666667,1,1,1.14542622909672
0.813333333333333,0.88,0.866666666666667,0.913333333333333,1,0.986666666666667,1.07083428210123
0.813333333333333,0.846666666666667,0.906666666666667,0.886666666666667,1,1,1.18847337469356
0.74,0.826666666666667,0.926666666666667,0.886666666666667,1,1,1.18810619902825
0.793333333333333,0.873333333333333,0.906666666666667,0.88,1,1,1.15772928771083
0.773333333333333,0.826666666666667,0.886666666666667,0.88,1,1,1.16403895599109
0.786666666666667,0.853333333333333,0.94,0.893333333333333,1,0.986666666666667,1.19189371129558
0.726666666666667,0.866666666666667,0.92,0.833333333333333,1,1,1.19325926904258
0.86,0.813333333333333,0.886666666666667,0.873333333333333,1,1,1.24224754280287
0.813333333333333,0.8,0.886666666666667,0.853333333333333,1,0.986666666666667,1.24132508086914
0.82,0.806666666666667,0.906666666666667,0.866666666666667,0.986666666666667,1,1.26608844096359
0.826666666666667,0.853333333333333,0.9,0.84,1,1,1.2374049445304
0.806666666666667,0.86,0.9,0.86,0.986666666666667,1,1.20012902415904
0.793333333333333,0.786666666666667,0.886666666666667,0.84,1,0.986666666666667,1.26019723864169
0.773333333333333,0.873333333333333,0.873333333333333,0.88,1,1,1.10248880088231
0.806666666666667,0.873333333333333,0.933333333333333,0.913333333333333,1,1,1.16319191991547
0.766666666666667,0.866666666666667,0.906666666666667,0.86,1,1,1.16993882170512
0.78,0.82,0.92,0.893333333333333,1,1,1.20373760834171
0.846666666666667,0.833333333333333,0.913333333333333,0.886666666666667,1,1,1.23181603061655
0.766666666666667,0.866666666666667,0.886666666666667,0.813333333333333,1,1,1.19841593253973
0.753333333333333,0.813333333333333,0.92,0.866666666666667,1,1,1.22581598202712
0.813333333333333,0.853333333333333,0.893333333333333,0.86,1,1,1.19541269287803
0.833333333333333,0.84,0.893333333333333,0.913333333333333,1,1,1.16005111548906
0.753333333333333,0.786666666666667,0.9,0.86,1,1,1.23553228358676
0.786666666666667,0.893333333333333,0.88,0.88,1,1,1.10131668243031
0.793333333333333,0.78,0.866666666666667,0.846666666666667,1,1,1.24054114122904
0.793333333333333,0.826666666666667,0.92,0.893333333333333,0.986666666666667,1,1.21232502422956
0.8,0.866666666666667,0.893333333333333,0.833333333333333,1,0.986666666666667,1.19575055413023
0.793333333333333,0.82,0.933333333333333,0.866666666666667,0.986666666666667,1,1.27024450393833
0.793333333333333,0.853333333333333,0.933333333333333,0.84,1,0.986666666666667,1.25103839987
0.8,0.88,0.94,0.8,1,1,1.29683414932604
0.753333333333333,0.886666666666667,0.906666666666667,0.84,1,1,1.16476850037197
0.84,0.853333333333333,0.88,0.866666666666667,1,1,1.18695471341576
0.773333333333333,0.86,0.913333333333333,0.88,1,1,1.16660786606521
0.786666666666667,0.88,0.906666666666667,0.893333333333333,1,0.986666666666667,1.12479000250726
0.82,0.826666666666667,0.9,0.886666666666667,1,1,1.20396995762044
0.793333333333333,0.826666666666667,0.92,0.853333333333333,1,0.986666666666667,1.24488648870576
0.786666666666667,0.88,0.94,0.88,0.986666666666667,1,1.1965647872899
0.806666666666667,0.846666666666667,0.866666666666667,0.88,1,1,1.13944446278277
0.833333333333333,0.773333333333333,0.86,0.826666666666667,0.986666666666667,1,1.30210815958601
0.793333333333333,0.826666666666667,0.913333333333333,0.88,1,1,1.2125642737856
0.8,0.84,0.906666666666667,0.893333333333333,1,1,1.17896652018689
0.84,0.82,0.853333333333333,0.886666666666667,1,1,1.1613866221002
0.766666666666667,0.84,0.84,0.913333333333333,1,1,1.05066667957462
0.813333333333333,0.873333333333333,0.906666666666667,0.84,1,1,1.21667214088203
0.766666666666667,0.886666666666667,0.92,0.86,0.986666666666667,1,1.17463857381767
0.773333333333333,0.84,0.906666666666667,0.893333333333333,1,1,1.16218082225524
0.786666666666667,0.8,0.913333333333333,0.82,1,1,1.31664907006884
0.8,0.82,0.886666666666667,0.88,1,1,1.18796999209655
0.853333333333333,0.9,0.886666666666667,0.866666666666667,1,1,1.15875687700238
0.813333333333333,0.86,0.873333333333333,0.906666666666667,1,1,1.11108354674416
0.766666666666667,0.893333333333333,0.926666666666667,0.9,1,1,1.12690749050282
0.773333333333333,0.78,0.893333333333333,0.906666666666667,1,1,1.18858777823454
0.74,0.866666666666667,0.9,0.853333333333333,1,1,1.15172421683714
0.813333333333333,0.866666666666667,0.893333333333333,0.833333333333333,1,1,1.21378206014217
0.82,0.906666666666667,0.953333333333333,0.866666666666667,1,1,1.21659140532909
0.82,0.86,0.906666666666667,0.853333333333333,1,1,1.21863121708395
0.813333333333333,0.826666666666667,0.926666666666667,0.866666666666667,1,1,1.25997783295855
0.8,0.833333333333333,0.94,0.953333333333333,1,1,1.16124887946482
0.793333333333333,0.846666666666667,0.88,0.853333333333333,1,1,1.17924445092349
0.793333333333333,0.8,0.893333333333333,0.873333333333333,1,1,1.22163448988363
0.813333333333333,0.8,0.926666666666667,0.9,1,1,1.24674995462459
0.793333333333333,0.86,0.906666666666667,0.88,1,0.986666666666667,1.16178931202109
0.793333333333333,0.82,0.946666666666667,0.873333333333333,1,1,1.27274575584068
0.833333333333333,0.826666666666667,0.926666666666667,0.846666666666667,1,1,1.29922963766762
0.813333333333333,0.846666666666667,0.893333333333333,0.86,1,1,1.20220702691246
0.86,0.86,0.906666666666667,0.933333333333333,0.986666666666667,0.986666666666667,1.15106472348163
0.753333333333333,0.82,0.906666666666667,0.813333333333333,1,0.973333333333333,1.24844917938332
0.8,0.853333333333333,0.886666666666667,0.86,1,0.986666666666667,1.1689778156515
0.78,0.826666666666667,0.94,0.873333333333333,1,1,1.24786195852722
0.76,0.866666666666667,0.86,0.893333333333333,1,0.986666666666667,1.06147412296895
0.793333333333333,0.893333333333333,0.933333333333333,0.84,1,1,1.21868009793846
0.833333333333333,0.833333333333333,0.906666666666667,0.893333333333333,0.986666666666667,1,1.21341818248217
0.786666666666667,0.806666666666667,0.92,0.833333333333333,1,1,1.29955764794892
0.74,0.806666666666667,0.933333333333333,0.873333333333333,1,0.986666666666667,1.22438959832096
0.846666666666667,0.846666666666667,0.926666666666667,0.866666666666667,1,1,1.26005361660221
0.813333333333333,0.86,0.853333333333333,0.84,1,0.986666666666667,1.14958958076301
0.84,0.86,0.933333333333333,0.86,1,0.986666666666667,1.24920090472253
0.826666666666667,0.86,0.94,0.88,1,1,1.23470171575829
0.793333333333333,0.84,0.9,0.826666666666667,1,1,1.24672306438482
0.833333333333333,0.853333333333333,0.92,0.886666666666667,1,0.986666666666667,1.20276831467918
0.82,0.84,0.886666666666667,0.893333333333333,1,1,1.16547720931555
0.806666666666667,0.82,0.953333333333333,0.82,1,1,1.36367357792206
0.84,0.786666666666667,0.92,0.88,1,1,1.29562431778472
0.826666666666667,0.88,0.9,0.866666666666667,1,1,1.17844118202617
0.853333333333333,0.853333333333333,0.913333333333333,0.913333333333333,1,1,1.1851219625718
0.786666666666667,0.833333333333333,0.88,0.853333333333333,1,1,1.1885040957959
0.8,0.813333333333333,0.886666666666667,0.873333333333333,1,1,1.20284322146374
0.793333333333333,0.873333333333333,0.94,0.886666666666667,1,1,1.1929582552718
0.786666666666667,0.88,0.893333333333333,0.866666666666667,1,1,1.14481568364349
0.773333333333333,0.88,0.906666666666667,0.893333333333333,1,1,1.12484965422382
0.786666666666667,0.853333333333333,0.9,0.893333333333333,1,1,1.14916806311913
0.793333333333333,0.833333333333333,0.906666666666667,0.853333333333333,1,1,1.22928009741844
0.853333333333333,0.86,0.886666666666667,0.833333333333333,0.986666666666667,1,1.24504038762897
0.806666666666667,0.846666666666667,0.926666666666667,0.793333333333333,1,1,1.33102804002272
0.84,0.846666666666667,0.893333333333333,0.886666666666667,1,1,1.18787278678912
0.8,0.813333333333333,0.92,0.84,0.986666666666667,0.986666666666667,1.28861977507358
0.853333333333333,0.88,0.906666666666667,0.9,1,0.986666666666667,1.15791576782764
0.84,0.853333333333333,0.866666666666667,0.88,1,1,1.15415156700926
0.78,0.846666666666667,0.913333333333333,0.893333333333333,1,0.986666666666667,1.159935525377
0.806666666666667,0.826666666666667,0.9,0.84,1,1,1.25318455911094
0.813333333333333,0.853333333333333,0.92,0.913333333333333,1,0.986666666666667,1.16065758936509
0.786666666666667,0.886666666666667,0.906666666666667,0.88,1,1,1.1411527785421
0.886666666666667,0.866666666666667,0.92,0.833333333333333,1,1,1.29774459184269
0.76,0.78,0.9,0.893333333333333,0.986666666666667,1,1.21219797932799
0.78,0.906666666666667,0.886666666666667,0.913333333333333,1,1,1.06102058488361
0.793333333333333,0.833333333333333,0.9,0.86,1,1,1.2119802640932
0.826666666666667,0.84,0.9,0.886666666666667,1,1,1.19478799121836
0.76,0.853333333333333,0.906666666666667,0.893333333333333,1,1,1.14116377459149
0.8,0.873333333333333,0.9,0.873333333333333,1,0.986666666666667,1.15210832399498
0.826666666666667,0.833333333333333,0.866666666666667,0.886666666666667,0.986666666666667,1,1.16432461739803
0.82,0.853333333333333,0.866666666666667,0.853333333333333,1,1,1.1719183997291
0.78,0.766666666666667,0.9,0.886666666666667,1,1,1.24123532749159
0.78,0.806666666666667,0.913333333333333,0.84,1,1,1.27642516796194
0.806666666666667,0.846666666666667,0.92,0.873333333333333,1,1,1.21744015054759
0.793333333333333,0.846666666666667,0.906666666666667,0.873333333333333,1,0.986666666666667,1.18228718796451
0.78,0.853333333333333,0.9,0.893333333333333,1,1,1.14501755391504
0.86,0.88,0.913333333333333,0.88,1,1,1.20110430264416
0.8,0.84,0.846666666666667,0.82,1,1,1.18505305939095
0.813333333333333,0.906666666666667,0.846666666666667,0.893333333333333,0.986666666666667,1,1.05739394945963
0.82,0.846666666666667,0.86,0.913333333333333,0.986666666666667,1,1.10978857452407
0.82,0.866666666666667,0.966666666666667,0.92,1,1,1.21163358598053
0.82,0.833333333333333,0.926666666666667,0.786666666666667,1,1,1.36663791208986
0.786666666666667,0.82,0.84,0.873333333333333,1,1,1.12411280357653
0.813333333333333,0.833333333333333,0.92,0.873333333333333,1,1,1.23555635265833
0.853333333333333,0.88,0.866666666666667,0.826666666666667,1,1,1.19811977900372
0.82,0.853333333333333,0.96,0.853333333333333,1,1,1.29709192251677
0.846666666666667,0.846666666666667,0.9,0.86,1,1,1.23269957196009
0.813333333333333,0.886666666666667,0.913333333333333,0.886666666666667,1,1,1.15868425314603
0.806666666666667,0.86,0.906666666666667,0.9,0.986666666666667,0.986666666666667,1.15461382549413
0.766666666666667,0.866666666666667,0.946666666666667,0.88,1,0.973333333333333,1.18152402021903
0.866666666666667,0.853333333333333,0.906666666666667,0.92,1,0.986666666666667,1.16896606331678
0.826666666666667,0.893333333333333,0.86,0.866666666666667,1,1,1.11442379925715
0.806666666666667,0.853333333333333,0.92,0.886666666666667,1,1,1.1950586386589
0.806666666666667,0.86,0.906666666666667,0.853333333333333,1,1,1.21004765951606
0.82,0.846666666666667,0.9,0.833333333333333,1,0.986666666666667,1.2388202426614
0.76,0.886666666666667,0.926666666666667,0.893333333333333,1,1,1.13588620429656
0.786666666666667,0.846666666666667,0.926666666666667,0.826666666666667,0.986666666666667,1,1.27907358262967
0.84,0.86,0.906666666666667,0.873333333333333,1,1,1.20754070150305
0.786666666666667,0.88,0.9,0.88,0.986666666666667,1,1.14544286053115
0.846666666666667,0.873333333333333,0.886666666666667,0.873333333333333,1,1,1.17258841910264
0.82,0.846666666666667,0.933333333333333,0.846666666666667,0.986666666666667,1,1.28412793323178
0.793333333333333,0.833333333333333,0.913333333333333,0.893333333333333,1,1,1.19004543477018
0.806666666666667,0.86,0.886666666666667,0.9,1,0.986666666666667,1.12275176902365
0.84,0.78,0.92,0.86,0.986666666666667,1,1.33818670537322
0.793333333333333,0.866666666666667,0.893333333333333,0.893333333333333,1,1,1.13233139302261
0.793333333333333,0.866666666666667,0.906666666666667,0.906666666666667,1,1,1.13497516636798
0.86,0.826666666666667,0.926666666666667,0.866666666666667,0.986666666666667,0.973333333333333,1.27755434387789
0.833333333333333,0.813333333333333,0.906666666666667,0.833333333333333,1,1,1.30477810140054
0.746666666666667,0.78,0.886666666666667,0.893333333333333,0.986666666666667,1,1.18506887899232
0.846666666666667,0.84,0.913333333333333,0.88,1,1,1.23298579658502
0.8,0.873333333333333,0.92,0.86,1,0.986666666666667,1.19297637199547
0.806666666666667,0.866666666666667,0.933333333333333,0.86,1,1,1.23050770666245
0.853333333333333,0.833333333333333,0.926666666666667,0.92,1,1,1.21392143648042
0.813333333333333,0.82,0.9,0.873333333333333,1,1,1.22268274480377
0.766666666666667,0.846666666666667,0.893333333333333,0.88,1,1,1.1491089364068
0.78,0.84,0.913333333333333,0.88,1,0.986666666666667,1.18147458856851
0.793333333333333,0.853333333333333,0.88,0.913333333333333,1,1,1.10629167087258
0.853333333333333,0.86,0.88,0.833333333333333,0.986666666666667,0.986666666666667,1.22635176625723
0.82,0.786666666666667,0.893333333333333,0.88,1,0.986666666666667,1.23554062474038
0.753333333333333,0.82,0.92,0.873333333333333,1,1,1.21055698480671
0.78,0.873333333333333,0.92,0.866666666666667,1,1,1.18165735523942
0.8,0.873333333333333,0.9,0.906666666666667,1,1,1.12462116771956
0.826666666666667,0.833333333333333,0.906666666666667,0.893333333333333,1,1,1.20240304920261
0.78,0.866666666666667,0.913333333333333,0.88,1,1,1.16437199565187
0.733333333333333,0.866666666666667,0.92,0.846666666666667,1,1,1.18175174237307
0.853333333333333,0.886666666666667,0.9,0.893333333333333,1,1,1.15897088600668
0.813333333333333,0.833333333333333,0.866666666666667,0.873333333333333,1,1,1.16423490717723
0.78,0.806666666666667,0.92,0.853333333333333,1,1,1.26804776964618
0.773333333333333,0.78,0.886666666666667,0.88,1,1,1.21212527065336
0.84,0.866666666666667,0.893333333333333,0.853333333333333,1,1,1.20689839286668
0.786666666666667,0.78,0.913333333333333,0.853333333333333,1,1,1.29389713535294
0.786666666666667,0.873333333333333,0.893333333333333,0.886666666666667,1,0.986666666666667,1.12101015275663
0.78,0.846666666666667,0.866666666666667,0.88,1,1,1.12253352300905
0.813333333333333,0.846666666666667,0.906666666666667,0.88,1,1,1.19621852265311
0.786666666666667,0.866666666666667,0.886666666666667,0.92,1,1,1.09207585291971
0.813333333333333,0.806666666666667,0.9,0.886666666666667,1,1,1.22030961898314
0.813333333333333,0.84,0.873333333333333,0.86,0.986666666666667,1,1.18911245094686
0.793333333333333,0.86,0.866666666666667,0.866666666666667,1,0.986666666666667,1.12459688724786
0.793333333333333,0.846666666666667,0.926666666666667,0.846666666666667,1,1,1.25055718634206
0.766666666666667,0.873333333333333,0.92,0.84,1,1,1.20438690945216
0.813333333333333,0.84,0.933333333333333,0.833333333333333,1,1,1.29767857019356
0.773333333333333,0.82,0.933333333333333,0.893333333333333,1,0.986666666666667,1.20791695432257
0.813333333333333,0.88,0.893333333333333,0.913333333333333,1,1,1.1115151008294
0.833333333333333,0.833333333333333,0.92,0.913333333333333,1,1,1.20067548534083
0.813333333333333,0.833333333333333,0.906666666666667,0.886666666666667,1,0.986666666666667,1.19270676269856
0.82,0.84,0.886666666666667,0.86,1,1,1.20443230936458
0.84,0.846666666666667,0.866666666666667,0.826666666666667,1,1,1.22441831436513
0.813333333333333,0.813333333333333,0.933333333333333,0.853333333333333,1,1,1.30143627559576
0.786666666666667,0.82,0.906666666666667,0.84,1,1,1.25644252362188
0.76,0.913333333333333,0.893333333333333,0.866666666666667,1,1,1.09800542677703
0.806666666666667,0.813333333333333,0.92,0.806666666666667,1,1,1.34322200926571
0.826666666666667,0.866666666666667,0.913333333333333,0.853333333333333,1,1,1.22488425131385
0.833333333333333,0.9,0.94,0.886666666666667,1,1,1.19179291923663
0.793333333333333,0.873333333333333,0.92,0.86,0.986666666666667,0.986666666666667,1.19553050084898
0.806666666666667,0.84,0.88,0.86,1,1,1.18677552339161
0.78,0.886666666666667,0.893333333333333,0.88,1,1,1.12011307122964
0.833333333333333,0.86,0.9,0.846666666666667,1,1,1.22643802209945
0.84,0.846666666666667,0.9,0.873333333333333,1,1,1.21227198242811
0.826666666666667,0.86,0.9,0.86,0.986666666666667,1,1.21291974212013
0.846666666666667,0.846666666666667,0.893333333333333,0.86,1,1,1.22376721767974
0.806666666666667,0.826666666666667,0.933333333333333,0.86,1,1,1.27319844268379
0.86,0.793333333333333,0.92,0.886666666666667,1,1,1.29252622472488
0.82,0.886666666666667,0.866666666666667,0.893333333333333,1,1,1.09692674224873
0.84,0.846666666666667,0.94,0.893333333333333,1,1,1.24074645498657
0.766666666666667,0.886666666666667,0.906666666666667,0.893333333333333,1,1,1.11481971731212
0.726666666666667,0.853333333333333,0.92,0.9,1,1,1.13037475968799
0.806666666666667,0.873333333333333,0.913333333333333,0.893333333333333,1,1,1.15978043919843
0.8,0.9,0.926666666666667,0.893333333333333,0.986666666666667,1,1.15433815057593
0.826666666666667,0.873333333333333,0.933333333333333,0.846666666666667,0.986666666666667,1,1.25947843802647
0.786666666666667,0.9,0.893333333333333,0.793333333333333,1,1,1.21037555439866
0.786666666666667,0.833333333333333,0.893333333333333,0.826666666666667,1,1,1.240277139161
0.826666666666667,0.833333333333333,0.873333333333333,0.833333333333333,0.986666666666667,1,1.23796457238628
0.826666666666667,0.88,0.94,0.926666666666667,1,1,1.16300392796841
0.78,0.84,0.88,0.886666666666667,1,0.986666666666667,1.1304212636035
0.8,0.846666666666667,0.906666666666667,0.873333333333333,1,1,1.19555434662734
0.753333333333333,0.82,0.906666666666667,0.853333333333333,1,1,1.21702133794815
0.773333333333333,0.806666666666667,0.893333333333333,0.873333333333333,1,1,1.20133255537418
0.82,0.86,0.946666666666667,0.873333333333333,1,1,1.24722017636246
0.853333333333333,0.826666666666667,0.906666666666667,0.9,0.986666666666667,1,1.22492292067249
0.806666666666667,0.86,0.886666666666667,0.853333333333333,0.986666666666667,1,1.19028783440892
0.833333333333333,0.853333333333333,0.906666666666667,0.88,1,1,1.20220239123995
0.686666666666667,0.84,0.92,0.893333333333333,1,1,1.12501302685743
0.786666666666667,0.8,0.913333333333333,0.893333333333333,0.986666666666667,1,1.22673688405312
0.766666666666667,0.84,0.933333333333333,0.813333333333333,1,1,1.29313336956847
0.833333333333333,0.813333333333333,0.913333333333333,0.88,1,1,1.25255920965698
0.78,0.88,0.873333333333333,0.866666666666667,1,1,1.11476047455985
0.786666666666667,0.813333333333333,0.873333333333333,0.866666666666667,1,1,1.18393794414907
0.84,0.833333333333333,0.926666666666667,0.88,1,1,1.25337158342258
0.773333333333333,0.833333333333333,0.906666666666667,0.853333333333333,1,1,1.21610667450949
0.786666666666667,0.806666666666667,0.873333333333333,0.913333333333333,0.986666666666667,1,1.14329998776035
0.8,0.853333333333333,0.926666666666667,0.893333333333333,1,1,1.19186007468223
0.8,0.84,0.9,0.873333333333333,1,1,1.19343327287472
0.813333333333333,0.873333333333333,0.9,0.866666666666667,1,1,1.17656995864828
0.773333333333333,0.873333333333333,0.906666666666667,0.846666666666667,1,1,1.18303050029485
0.84,0.86,0.913333333333333,0.853333333333333,1,0.986666666666667,1.23093438825378
0.746666666666667,0.833333333333333,0.926666666666667,0.866666666666667,0.986666666666667,1,1.21643456536535
0.793333333333333,0.846666666666667,0.933333333333333,0.893333333333333,1,1,1.2028880278262
0.82,0.866666666666667,0.926666666666667,0.92,1,1,1.16186527759677
0.846666666666667,0.86,0.9,0.9,0.986666666666667,1,1.17921089282679
0.846666666666667,0.813333333333333,0.906666666666667,0.873333333333333,1,1,1.26069961106177
0.826666666666667,0.833333333333333,0.886666666666667,0.9,1,0.986666666666667,1.15986829473467
0.86,0.773333333333333,0.933333333333333,0.846666666666667,0.986666666666667,1,1.39899271529065
0.74,0.82,0.913333333333333,0.913333333333333,1,1,1.14666710492623
0.786666666666667,0.766666666666667,0.886666666666667,0.853333333333333,0.986666666666667,1,1.27868090567381
0.76,0.833333333333333,0.893333333333333,0.88,1,1,1.15778483560653
0.813333333333333,0.913333333333333,0.92,0.8,1,1,1.24164252390916
0.806666666666667,0.893333333333333,0.893333333333333,0.893333333333333,1,1,1.11637723772211
0.74,0.86,0.913333333333333,0.846666666666667,1,1,1.18385216201931
0.806666666666667,0.833333333333333,0.913333333333333,0.913333333333333,1,1,1.1755455929244
0.806666666666667,0.853333333333333,0.92,0.906666666666667,1,1,1.17241102148206
0.786666666666667,0.826666666666667,0.88,0.913333333333333,1,1,1.12640428819156
0.813333333333333,0.82,0.866666666666667,0.913333333333333,1,1,1.13201893517492
0.82,0.82,0.92,0.86,1,1,1.27114762855558
0.773333333333333,0.826666666666667,0.913333333333333,0.88,1,1,1.1996654305014
0.806666666666667,0.853333333333333,0.893333333333333,0.846666666666667,1,1,1.20708087910857
0.726666666666667,0.826666666666667,0.94,0.906666666666667,1,1,1.17406915035085
0.733333333333333,0.846666666666667,0.913333333333333,0.906666666666667,1,1,1.12491952559929
0.786666666666667,0.86,0.893333333333333,0.813333333333333,0.986666666666667,1,1.23533796401788
0.76,0.86,0.92,0.846666666666667,1,1,1.20576283798983
0.806666666666667,0.78,0.926666666666667,0.8,1,1,1.40665465404239
0.793333333333333,0.86,0.913333333333333,0.893333333333333,1,0.986666666666667,1.1556010183845
0.866666666666667,0.833333333333333,0.893333333333333,0.84,1,1,1.27667323807307
0.806666666666667,0.8,0.933333333333333,0.873333333333333,1,0.986666666666667,1.27542690016174
0.82,0.866666666666667,0.913333333333333,0.88,1,1,1.18932131118172
0.773333333333333,0.82,0.893333333333333,0.84,1,1,1.22877293335028
0.78,0.866666666666667,0.92,0.886666666666667,0.986666666666667,1,1.17216868427501
0.786666666666667,0.866666666666667,0.906666666666667,0.886666666666667,1,1,1.15252909229098
0.806666666666667,0.846666666666667,0.873333333333333,0.886666666666667,1,1,1.14076792670931
0.813333333333333,0.853333333333333,0.893333333333333,0.793333333333333,1,1,1.28001219630962
0.813333333333333,0.8,0.92,0.893333333333333,1,0.986666666666667,1.23648720098112
0.786666666666667,0.853333333333333,0.913333333333333,0.853333333333333,1,1,1.21292418429572
0.82,0.88,0.88,0.893333333333333,1,1,1.1196265235166
0.82,0.846666666666667,0.926666666666667,0.853333333333333,1,1,1.259552880636
0.786666666666667,0.826666666666667,0.926666666666667,0.88,1,0.986666666666667,1.21670763307796
0.8,0.906666666666667,0.893333333333333,0.806666666666667,1,1,1.19600085110759
0.793333333333333,0.88,0.913333333333333,0.9,1,1,1.13832132260237
0.806666666666667,0.9,0.88,0.893333333333333,1,1,1.09393378647903
0.826666666666667,0.78,0.906666666666667,0.866666666666667,1,1,1.29362258036688
0.86,0.833333333333333,0.886666666666667,0.86,1,1,1.23752632797949
0.76,0.833333333333333,0.92,0.873333333333333,1,0.973333333333333,1.18288922242532
0.806666666666667,0.893333333333333,0.913333333333333,0.813333333333333,1,1,1.23300517093658
0.76,0.866666666666667,0.946666666666667,0.866666666666667,1,1,1.21048368882567
0.806666666666667,0.84,0.88,0.866666666666667,1,1,1.17889480897458
0.82,0.853333333333333,0.933333333333333,0.86,1,1,1.25299159708944
0.813333333333333,0.846666666666667,0.92,0.893333333333333,1,1,1.19811796297169
0.786666666666667,0.826666666666667,0.926666666666667,0.913333333333333,1,1,1.18675082853321
0.78,0.846666666666667,0.913333333333333,0.913333333333333,1,0.986666666666667,1.13813351899995
0.753333333333333,0.893333333333333,0.893333333333333,0.846666666666667,1,1,1.13337332355707
0.773333333333333,0.84,0.913333333333333,0.826666666666667,1,1,1.25185123596511
0.82,0.82,0.913333333333333,0.893333333333333,1,1,1.22050147078186
0.766666666666667,0.913333333333333,0.953333333333333,0.846666666666667,1,1,1.20015552030014
0.846666666666667,0.893333333333333,0.866666666666667,0.86,1,1,1.14257946942556
0.793333333333333,0.853333333333333,0.906666666666667,0.893333333333333,1,1,1.16191632061195
0.833333333333333,0.893333333333333,0.906666666666667,0.826666666666667,1,1,1.22498235916854
0.846666666666667,0.88,0.893333333333333,0.82,1,0.986666666666667,1.22836016358524
0.78,0.84,0.933333333333333,0.893333333333333,1,1,1.20114869249827
0.833333333333333,0.813333333333333,0.88,0.926666666666667,1,0.986666666666667,1.14487345303528
0.84,0.873333333333333,0.96,0.886666666666667,1,0.986666666666667,1.23814781024524
0.84,0.8,0.9,0.88,1,1,1.25325869284795
0.78,0.82,0.906666666666667,0.86,1,1,1.22639321335041
0.833333333333333,0.813333333333333,0.913333333333333,0.886666666666667,1,1,1.2442183791529
0.786666666666667,0.9,0.866666666666667,0.9,1,0.986666666666667,1.05137389607659
0.833333333333333,0.84,0.893333333333333,0.866666666666667,1,1,1.21397388318268
0.78,0.82,0.92,0.886666666666667,0.986666666666667,0.986666666666667,1.20932082227194
0.846666666666667,0.84,0.84,0.846666666666667,1,1,1.17459916126478
0.76,0.806666666666667,0.906666666666667,0.84,0.986666666666667,0.986666666666667,1.25043840863726
0.793333333333333,0.82,0.893333333333333,0.853333333333333,1,1,1.22527125342632
0.86,0.873333333333333,0.873333333333333,0.88,1,1,1.15625098472485
0.86,0.806666666666667,0.933333333333333,0.833333333333333,1,1,1.36907366035041
0.846666666666667,0.893333333333333,0.913333333333333,0.86,1,1,1.20271347548746
0.833333333333333,0.833333333333333,0.88,0.793333333333333,1,0.986666666666667,1.28755142675367
0.813333333333333,0.82,0.94,0.86,1,1,1.29415573540335
0.793333333333333,0.826666666666667,0.873333333333333,0.866666666666667,1,1,1.17469559257896
0.813333333333333,0.8,0.933333333333333,0.84,1,1,1.3355696822866
0.8,0.846666666666667,0.886666666666667,0.866666666666667,1,1,1.17682840833721
0.786666666666667,0.833333333333333,0.933333333333333,0.86,1,1,1.25279394046692
0.773333333333333,0.84,0.88,0.853333333333333,0.986666666666667,1,1.17996360438932
0.84,0.886666666666667,0.913333333333333,0.86,1,1,1.20515403846308
0.86,0.893333333333333,0.873333333333333,0.9,1,1,1.11663552441184
0.713333333333333,0.806666666666667,0.92,0.873333333333333,1,1,1.19818820024867
0.78,0.913333333333333,0.946666666666667,0.88,1,1,1.16282702356336
0.84,0.886666666666667,0.906666666666667,0.86,0.986666666666667,0.986666666666667,1.19431105615299
0.78,0.78,0.926666666666667,0.886666666666667,1,1,1.26352958202995
0.786666666666667,0.86,0.9,0.853333333333333,1,1,1.18828193601392
0.813333333333333,0.833333333333333,0.886666666666667,0.88,1,1,1.18313148541913
0.76,0.806666666666667,0.893333333333333,0.9,1,0.986666666666667,1.15215367993739
0.8,0.826666666666667,0.92,0.88,1,1,1.22577050684124
0.82,0.873333333333333,0.873333333333333,0.82,1,1,1.2003028018769
0.793333333333333,0.886666666666667,0.893333333333333,0.866666666666667,1,1,1.14270689532872
0.793333333333333,0.84,0.913333333333333,0.886666666666667,1,1,1.19116817646244
0.82,0.9,0.893333333333333,0.84,1,1,1.17648474593433
0.8,0.846666666666667,0.906666666666667,0.9,1,1,1.16498678727186
0.766666666666667,0.866666666666667,0.846666666666667,0.886666666666667,1,1,1.06310414807943
0.78,0.866666666666667,0.893333333333333,0.86,1,1,1.16085311007447
0.786666666666667,0.866666666666667,0.92,0.906666666666667,1,1,1.14771768185873
0.76,0.84,0.906666666666667,0.886666666666667,1,0.986666666666667,1.15258021615749
0.76,0.826666666666667,0.9,0.866666666666667,1,1,1.18901378799815
0.773333333333333,0.853333333333333,0.906666666666667,0.853333333333333,1,1,1.19535082765142
0.786666666666667,0.8,0.92,0.84,1,1,1.29822645103845
0.8,0.826666666666667,0.913333333333333,0.846666666666667,1,1,1.25857096333673
0.806666666666667,0.846666666666667,0.906666666666667,0.86,1,1,1.21575969731971
0.76,0.9,0.913333333333333,0.886666666666667,1,1,1.11422068412582
0.793333333333333,0.86,0.92,0.86,0.986666666666667,1,1.21809775394888
0.826666666666667,0.9,0.913333333333333,0.886666666666667,0.986666666666667,1,1.16092002514615
0.8,0.806666666666667,0.906666666666667,0.866666666666667,1,1,1.24564714537988
0.82,0.86,0.873333333333333,0.866666666666667,1,1,1.15884633253617
0.813333333333333,0.88,0.853333333333333,0.893333333333333,1,1,1.08191036564398
0.846666666666667,0.86,0.94,0.84,1,1,1.29741667116717
0.78,0.886666666666667,0.926666666666667,0.886666666666667,1,1,1.15520021507305
0.786666666666667,0.853333333333333,0.946666666666667,0.92,1,1,1.17917555898855
0.78,0.82,0.913333333333333,0.893333333333333,1,1,1.19489806486212
0.78,0.833333333333333,0.9,0.846666666666667,1,1,1.21965718178399
0.8,0.866666666666667,0.873333333333333,0.86,1,1,1.14722454262848
0.826666666666667,0.886666666666667,0.88,0.893333333333333,1,1,1.11770439993433
0.78,0.893333333333333,0.926666666666667,0.873333333333333,0.986666666666667,1,1.17014214623149
0.8,0.78,0.913333333333333,0.933333333333333,1,0.986666666666667,1.19177493978958
0.84,0.813333333333333,0.933333333333333,0.84,1,1,1.3377409543035
0.78,0.813333333333333,0.893333333333333,0.806666666666667,1,0.986666666666667,1.27481690691099
0.773333333333333,0.88,0.933333333333333,0.853333333333333,1,1,1.2037220606269
0.806666666666667,0.853333333333333,0.88,0.833333333333333,1,0.986666666666667,1.19579092446218
0.786666666666667,0.833333333333333,0.84,0.86,1,1,1.12630311574341
0.873333333333333,0.786666666666667,0.92,0.853333333333333,1,1,1.35506754095142
0.833333333333333,0.873333333333333,0.913333333333333,0.913333333333333,1,1,1.1543167206891
0.82,0.853333333333333,0.933333333333333,0.866666666666667,1,1,1.24476460769017
0.826666666666667,0.88,0.866666666666667,0.82,0.986666666666667,0.986666666666667,1.18648200727213
0.813333333333333,0.846666666666667,0.9,0.92,1,1,1.14277671420468
0.793333333333333,0.82,0.92,0.853333333333333,1,1,1.2620822333655
0.786666666666667,0.813333333333333,0.886666666666667,0.893333333333333,1,1,1.17039012102471
0.74,0.806666666666667,0.893333333333333,0.886666666666667,1,0.986666666666667,1.15453342647332
0.793333333333333,0.853333333333333,0.9,0.886666666666667,1,1,1.1607448409356
0.806666666666667,0.866666666666667,0.926666666666667,0.866666666666667,1,1,1.2137924817631
0.753333333333333,0.86,0.906666666666667,0.88,0.986666666666667,1,1.1521364284082
0.76,0.826666666666667,0.96,0.893333333333333,1,1,1.23701542868365
0.76,0.853333333333333,0.873333333333333,0.866666666666667,1,1,1.12701696433795
0.786666666666667,0.833333333333333,0.846666666666667,0.9,1,1,1.0913149833225
0.793333333333333,0.866666666666667,0.913333333333333,0.88,1,1,1.17268843416182
0.793333333333333,0.826666666666667,0.886666666666667,0.88,1,1,1.17693779927529
0.88,0.88,0.926666666666667,0.893333333333333,1,1,1.21507660566232
0.786666666666667,0.84,0.926666666666667,0.893333333333333,1,1,1.19665225554115
0.82,0.866666666666667,0.926666666666667,0.846666666666667,0.986666666666667,1,1.25341528964319
0.793333333333333,0.866666666666667,0.94,0.853333333333333,1,1,1.23890757648566
0.78,0.9,0.88,0.88,0.986666666666667,1,1.09791179575742
0.8,0.833333333333333,0.926666666666667,0.88,1,1,1.22771927609038
0.793333333333333,0.84,0.88,0.86,0.986666666666667,0.986666666666667,1.17595133294594
0.766666666666667,0.866666666666667,0.886666666666667,0.846666666666667,1,1,1.15873663732757
0.74,0.806666666666667,0.9,0.873333333333333,0.986666666666667,1,1.19552789478579
0.78,0.8,0.926666666666667,0.853333333333333,1,0.973333333333333,1.26448929411169
0.846666666666667,0.853333333333333,0.893333333333333,0.893333333333333,1,1,1.17792489766724
0.78,0.8,0.926666666666667,0.893333333333333,1,0.986666666666667,1.22387414780911
0.786666666666667,0.88,0.886666666666667,0.86,1,1,1.14352929111855
0.786666666666667,0.826666666666667,0.906666666666667,0.893333333333333,1,1,1.18366807653189
0.84,0.86,0.873333333333333,0.82,1,0.986666666666667,1.21798004890944
0.846666666666667,0.84,0.886666666666667,0.92,0.986666666666667,1,1.15903133554515
0.82,0.82,0.913333333333333,0.893333333333333,1,0.986666666666667,1.21124353795046
0.733333333333333,0.88,0.886666666666667,0.826666666666667,1,1,1.14705423212761
0.766666666666667,0.846666666666667,0.893333333333333,0.833333333333333,0.986666666666667,1,1.21116848486818
0.82,0.8,0.906666666666667,0.893333333333333,1,0.986666666666667,1.22295039658504
0.786666666666667,0.786666666666667,0.94,0.853333333333333,1,1,1.32401316851593
0.833333333333333,0.833333333333333,0.9,0.866666666666667,1,0.986666666666667,1.22041051299566
0.806666666666667,0.84,0.926666666666667,0.886666666666667,0.986666666666667,1,1.22391636501544
0.793333333333333,0.886666666666667,0.913333333333333,0.886666666666667,1,1,1.14648830339526
0.786666666666667,0.873333333333333,0.92,0.866666666666667,0.986666666666667,1,1.19259207594783
0.78,0.813333333333333,0.893333333333333,0.933333333333333,1,1,1.13013342268819
0.793333333333333,0.833333333333333,0.886666666666667,0.886666666666667,1,1,1.1626431205162
0.753333333333333,0.86,0.913333333333333,0.853333333333333,1,1,1.18460381639479
0.846666666666667,0.86,0.893333333333333,0.84,1,1,1.23434950568127
0.846666666666667,0.82,0.886666666666667,0.886666666666667,1,1,1.21017247618045
0.853333333333333,0.853333333333333,0.906666666666667,0.893333333333333,0.986666666666667,1,1.20595474400801
0.8,0.873333333333333,0.913333333333333,0.846666666666667,1,1,1.20896614839974
0.82,0.873333333333333,0.9,0.86,1,1,1.18843276959556
0.82,0.806666666666667,0.92,0.893333333333333,1,0.986666666666667,1.23378994274858
0.76,0.793333333333333,0.873333333333333,0.866666666666667,1,1,1.18699585330508
0.86,0.9,0.913333333333333,0.853333333333333,1,1,1.21213037633097
0.8,0.88,0.913333333333333,0.893333333333333,1,1,1.14950980017575
0.86,0.88,0.86,0.893333333333333,1,1,1.11875539678294
0.806666666666667,0.86,0.893333333333333,0.86,0.986666666666667,0.986666666666667,1.18226835391647
0.78,0.86,0.893333333333333,0.846666666666667,1,1,1.18292554312364
0.8,0.813333333333333,0.906666666666667,0.853333333333333,1,0.986666666666667,1.24550169272973
0.84,0.88,0.893333333333333,0.86,1,1,1.185757883226
0.813333333333333,0.853333333333333,0.893333333333333,0.873333333333333,0.986666666666667,1,1.18663186168503
0.853333333333333,0.84,0.88,0.873333333333333,1,1,1.20107436650801
0.82,0.813333333333333,0.893333333333333,0.866666666666667,1,1,1.23337144027659
0.813333333333333,0.88,0.873333333333333,0.806666666666667,1,1,1.20524748515717
0.78,0.88,0.926666666666667,0.893333333333333,1,1,1.1541521797272
0.8,0.84,0.886666666666667,0.833333333333333,1,1,1.22415534405435
0.813333333333333,0.873333333333333,0.906666666666667,0.853333333333333,0.986666666666667,1,1.20758819769826
0.826666666666667,0.866666666666667,0.906666666666667,0.9,1,1,1.16251164531093
0.786666666666667,0.833333333333333,0.88,0.906666666666667,1,1,1.12745235187142
0.84,0.84,0.88,0.88,1,1,1.18470038453002
0.78,0.873333333333333,0.953333333333333,0.84,0.986666666666667,1,1.26444889482873
0.833333333333333,0.833333333333333,0.933333333333333,0.86,0.986666666666667,1,1.29034907100467
0.833333333333333,0.866666666666667,0.913333333333333,0.846666666666667,1,1,1.23729127943617
0.773333333333333,0.846666666666667,0.913333333333333,0.84,1,1,1.22761105693857
0.78,0.84,0.926666666666667,0.866666666666667,1,1,1.22412956774819
0.826666666666667,0.88,0.9,0.84,1,0.986666666666667,1.20031661523465
0.806666666666667,0.806666666666667,0.873333333333333,0.873333333333333,1,1,1.19598439690664
0.86,0.853333333333333,0.906666666666667,0.806666666666667,1,1,1.31259237020263
0.806666666666667,0.806666666666667,0.866666666666667,0.873333333333333,1,1,1.18686222521586
0.873333333333333,0.806666666666667,0.913333333333333,0.833333333333333,0.986666666666667,0.986666666666667,1.346051075274
0.846666666666667,0.913333333333333,0.926666666666667,0.866666666666667,1,0.96,1.16727922306497
0.753333333333333,0.826666666666667,0.913333333333333,0.866666666666667,0.986666666666667,1,1.20972591240248
0.84,0.833333333333333,0.88,0.906666666666667,0.986666666666667,0.986666666666667,1.15883867555027
0.76,0.813333333333333,0.946666666666667,0.846666666666667,1,1,1.29310771396686
0.773333333333333,0.853333333333333,0.906666666666667,0.866666666666667,1,1,1.17965377332106
0.786666666666667,0.826666666666667,0.92,0.84,1,1,1.26757794072057
0.746666666666667,0.873333333333333,0.886666666666667,0.853333333333333,1,0.986666666666667,1.12340442391274
0.82,0.873333333333333,0.926666666666667,0.88,0.986666666666667,1,1.20663155048696
0.806666666666667,0.88,0.873333333333333,0.88,1,1,1.11707732207866
0.84,0.853333333333333,0.926666666666667,0.913333333333333,1,1,1.19384893914235
0.793333333333333,0.84,0.9,0.846666666666667,1,1,1.22138185607122
0.82,0.88,0.88,0.873333333333333,1,0.986666666666667,1.13266058063572
0.78,0.78,0.92,0.906666666666667,0.986666666666667,0.986666666666667,1.22649103229286
0.813333333333333,0.846666666666667,0.92,0.886666666666667,1,0.986666666666667,1.19687069406205
0.813333333333333,0.806666666666667,0.906666666666667,0.886666666666667,1,0.986666666666667,1.21981691707331
0.733333333333333,0.833333333333333,0.946666666666667,0.88,0.986666666666667,1,1.21841964605664
0.773333333333333,0.866666666666667,0.906666666666667,0.866666666666667,1,1,1.1665546631375
0.766666666666667,0.88,0.92,0.866666666666667,1,1,1.16683681107191
0.766666666666667,0.82,0.906666666666667,0.86,1,1,1.21756851015841
0.766666666666667,0.806666666666667,0.926666666666667,0.853333333333333,1,1,1.26836914323071
0.84,0.88,0.906666666666667,0.873333333333333,1,0.986666666666667,1.17903363177265
0.78,0.826666666666667,0.906666666666667,0.86,1,1,1.21930188177429
0.846666666666667,0.86,0.906666666666667,0.846666666666667,1,1,1.24402833746891
0.8,0.893333333333333,0.893333333333333,0.84,1,0.973333333333333,1.15289458898866
0.86,0.78,0.933333333333333,0.786666666666667,1,1,1.47806251561818
0.8,0.866666666666667,0.913333333333333,0.853333333333333,1,1,1.20781370372913
0.78,0.893333333333333,0.94,0.82,1,1,1.24329183015915
0.806666666666667,0.813333333333333,0.893333333333333,0.853333333333333,0.986666666666667,1,1.24862213471069
0.846666666666667,0.853333333333333,0.94,0.893333333333333,1,1,1.23810913568833
0.893333333333333,0.86,0.9,0.9,1,0.986666666666667,1.19255645487029
0.753333333333333,0.86,0.94,0.86,1,1,1.21214627898456
0.82,0.84,0.926666666666667,0.866666666666667,1,1,1.24997690139978
0.793333333333333,0.88,0.9,0.906666666666667,1,0.986666666666667,1.10671162790349
0.833333333333333,0.8,0.92,0.886666666666667,1,1,1.26760282879245
0.8,0.873333333333333,0.853333333333333,0.913333333333333,1,1,1.05955838899733
0.833333333333333,0.866666666666667,0.92,0.88,1,1,1.20625146929223
0.733333333333333,0.826666666666667,0.906666666666667,0.853333333333333,1,1,1.19668617320728
0.786666666666667,0.88,0.88,0.873333333333333,1,1,1.12036160015389
0.826666666666667,0.826666666666667,0.92,0.84,1,1,1.29444398579343
0.833333333333333,0.833333333333333,0.926666666666667,0.893333333333333,1,1,1.23284644905399
0.786666666666667,0.833333333333333,0.913333333333333,0.813333333333333,0.973333333333333,1,1.30096341220833
0.753333333333333,0.86,0.88,0.9,1,1,1.08968917683924
0.813333333333333,0.886666666666667,0.9,0.86,1,1,1.17119910943035
0.833333333333333,0.853333333333333,0.846666666666667,0.88,1,1,1.1238196955561
0.84,0.833333333333333,0.946666666666667,0.853333333333333,1,1,1.31459537518531
0.813333333333333,0.86,0.893333333333333,0.9,1,1,1.14359941666517
0.826666666666667,0.786666666666667,0.92,0.88,1,1,1.28672238972449
0.813333333333333,0.873333333333333,0.913333333333333,0.893333333333333,1,1,1.16386392900056
0.8,0.84,0.866666666666667,0.86,1,1,1.1644720108204
0.82,0.82,0.866666666666667,0.893333333333333,1,0.986666666666667,1.14983609091268
0.813333333333333,0.9,0.9,0.833333333333333,1,1,1.18869442235477
0.806666666666667,0.853333333333333,0.866666666666667,0.873333333333333,1,1,1.14052149751651
0.813333333333333,0.793333333333333,0.913333333333333,0.86,1,1,1.28754810181745
0.82,0.853333333333333,0.913333333333333,0.84,1,1,1.25115362774468
0.766666666666667,0.88,0.9,0.846666666666667,1,1,1.16335966533931
0.826666666666667,0.826666666666667,0.913333333333333,0.886666666666667,1,1,1.22593721717241
0.78,0.82,0.96,0.846666666666667,1,1,1.31743542410193
0.806666666666667,0.9,0.926666666666667,0.833333333333333,1,1,1.21952957124359
0.793333333333333,0.86,0.886666666666667,0.9,1,1,1.12279703609727
0.786666666666667,0.84,0.933333333333333,0.88,1,0.986666666666667,1.21191460514325
0.786666666666667,0.82,0.913333333333333,0.886666666666667,0.986666666666667,1,1.21402267774175
0.806666666666667,0.866666666666667,0.88,0.88,1,0.986666666666667,1.12952351037295
0.74,0.833333333333333,0.9,0.873333333333333,1,1,1.16146958581717
0.793333333333333,0.826666666666667,0.88,0.84,1,1,1.21640280660727
0.766666666666667,0.846666666666667,0.893333333333333,0.833333333333333,1,1,1.20403485929748
0.78,0.866666666666667,0.866666666666667,0.813333333333333,1,1,1.17969099379012
0.786666666666667,0.846666666666667,0.9,0.853333333333333,1,1,1.20187992997732
0.8,0.84,0.906666666666667,0.886666666666667,1,1,1.18664246437449
0.826666666666667,0.846666666666667,0.933333333333333,0.866666666666667,1,0.986666666666667,1.24651232537634
0.826666666666667,0.826666666666667,0.893333333333333,0.88,1,0.986666666666667,1.198115411291
0.74,0.873333333333333,0.866666666666667,0.913333333333333,1,1,1.04009240522197
0.813333333333333,0.833333333333333,0.88,0.853333333333333,1,1,1.20606865967449
0.8,0.893333333333333,0.873333333333333,0.873333333333333,1,0.986666666666667,1.0999082098902
0.793333333333333,0.86,0.94,0.853333333333333,1,1,1.24591603769967
0.793333333333333,0.853333333333333,0.9,0.866666666666667,1,1,1.1836087664172
0.826666666666667,0.82,0.906666666666667,0.866666666666667,0.973333333333333,1,1.26290109933601
0.746666666666667,0.773333333333333,0.906666666666667,0.826666666666667,1,1,1.30158399061924
0.793333333333333,0.86,0.9,0.88,1,1,1.1618288914297
0.74,0.813333333333333,0.906666666666667,0.853333333333333,1,1,1.21525238338852
0.813333333333333,0.853333333333333,0.913333333333333,0.913333333333333,1,0.986666666666667,1.1522828421506
0.8,0.84,0.9,0.84,0.986666666666667,1,1.24126569020239
0.793333333333333,0.786666666666667,0.926666666666667,0.873333333333333,1,1,1.28248683321582
0.8,0.866666666666667,0.893333333333333,0.873333333333333,0.986666666666667,1,1.16517018018662
0.753333333333333,0.82,0.94,0.893333333333333,1,1,1.21318730150065
0.726666666666667,0.84,0.9,0.886666666666667,1,1,1.1314317965593
0.78,0.833333333333333,0.926666666666667,0.866666666666667,1,1,1.23112011802728
0.786666666666667,0.806666666666667,0.913333333333333,0.9,1,1,1.20479344172512
0.793333333333333,0.826666666666667,0.9,0.833333333333333,0.973333333333333,1,1.26739838882856
0.793333333333333,0.833333333333333,0.913333333333333,0.866666666666667,1,1,1.22183565842187
0.78,0.84,0.913333333333333,0.886666666666667,1,1,1.18272068384124
0.746666666666667,0.893333333333333,0.893333333333333,0.846666666666667,1,1,1.1291725718436
0.78,0.833333333333333,0.913333333333333,0.84,1,1,1.24646814822011
0.793333333333333,0.86,0.933333333333333,0.873333333333333,1,1,1.21295239369551
0.753333333333333,0.786666666666667,0.88,0.866666666666667,1,0.986666666666667,1.18927877936198
0.773333333333333,0.84,0.906666666666667,0.933333333333333,1,1,1.11875980174399
0.8,0.826666666666667,0.913333333333333,0.853333333333333,1,1,1.25000238897995
0.82,0.826666666666667,0.94,0.853333333333333,1,1,1.29984918265725
0.786666666666667,0.86,0.92,0.866666666666667,1,1,1.19908770626819
0.766666666666667,0.833333333333333,0.92,0.88,0.986666666666667,1,1.20437086231215
0.846666666666667,0.806666666666667,0.926666666666667,0.866666666666667,1,1,1.3042370732334
0.76,0.853333333333333,0.893333333333333,0.866666666666667,0.986666666666667,1,1.16034701202786
0.78,0.813333333333333,0.913333333333333,0.806666666666667,1,1,1.31471557496824
0.846666666666667,0.88,0.926666666666667,0.866666666666667,0.986666666666667,1,1.23216677626448
0.806666666666667,0.8,0.913333333333333,0.84,0.986666666666667,0.986666666666667,1.29919772539103
0.8,0.88,0.893333333333333,0.893333333333333,1,1,1.12426890306805
0.793333333333333,0.873333333333333,0.933333333333333,0.886666666666667,1,1,1.18444575489248
0.766666666666667,0.813333333333333,0.886666666666667,0.886666666666667,1,0.986666666666667,1.15627696122463
0.72,0.793333333333333,0.913333333333333,0.9,1,1,1.1752030007377
0.773333333333333,0.853333333333333,0.893333333333333,0.86,1,1,1.16968668217227
0.86,0.866666666666667,0.9,0.886666666666667,1,1,1.18941932795792
0.773333333333333,0.806666666666667,0.933333333333333,0.893333333333333,1,1,1.23099723607972
0.8,0.853333333333333,0.926666666666667,0.88,1,1,1.20730842534188
0.806666666666667,0.853333333333333,0.913333333333333,0.866666666666667,1,0.986666666666667,1.20061481333908
0.786666666666667,0.866666666666667,0.9,0.906666666666667,1,1,1.12252250053298
0.793333333333333,0.88,0.92,0.88,1,1,1.16849330651218
0.846666666666667,0.9,0.9,0.906666666666667,0.986666666666667,1,1.13520756403251
0.8,0.826666666666667,0.9,0.873333333333333,1,1,1.20705060514987
0.833333333333333,0.8,0.933333333333333,0.9,1,1,1.26861633900044
0.833333333333333,0.82,0.893333333333333,0.906666666666667,1,1,1.18690294833724
0.78,0.833333333333333,0.9,0.886666666666667,1,1,1.17174521876141
0.786666666666667,0.873333333333333,0.96,0.853333333333333,1,1,1.25410653784538
0.793333333333333,0.82,0.873333333333333,0.846666666666667,1,1,1.2059212202552
0.793333333333333,0.846666666666667,0.893333333333333,0.9,1,1,1.14366055273652
0.753333333333333,0.906666666666667,0.893333333333333,0.9,0.986666666666667,1,1.07269118940922
0.82,0.84,0.873333333333333,0.873333333333333,1,1,1.1708121172987
0.766666666666667,0.88,0.953333333333333,0.846666666666667,1,0.986666666666667,1.22443767150328
0.833333333333333,0.86,0.9,0.88,1,1,1.1869157058963
0.746666666666667,0.82,0.913333333333333,0.906666666666667,1,1,1.15832351082523
0.8,0.833333333333333,0.933333333333333,0.873333333333333,0.986666666666667,1,1.25170982930957
0.746666666666667,0.873333333333333,0.913333333333333,0.873333333333333,1,1,1.14464405373496
0.78,0.88,0.9,0.873333333333333,1,1,1.14194628370216
0.74,0.813333333333333,0.886666666666667,0.866666666666667,1,1,1.171344200654
0.793333333333333,0.913333333333333,0.933333333333333,0.9,1,1,1.13325879478716
0.726666666666667,0.88,0.933333333333333,0.893333333333333,1,1,1.13007278493104
0.853333333333333,0.773333333333333,0.94,0.866666666666667,1,1,1.36698399441132
0.806666666666667,0.853333333333333,0.9,0.906666666666667,1,0.986666666666667,1.13858605178744
0.833333333333333,0.866666666666667,0.893333333333333,0.86,1,1,1.19477107943128
0.786666666666667,0.846666666666667,0.9,0.88,1,1,1.17054986205824
0.846666666666667,0.826666666666667,0.92,0.846666666666667,1,1,1.29891171234786
0.8,0.84,0.913333333333333,0.846666666666667,0.986666666666667,1,1.25106588836779
0.806666666666667,0.826666666666667,0.933333333333333,0.9,1,1,1.22355533144656
0.846666666666667,0.82,0.913333333333333,0.846666666666667,1,1,1.29730402423914
0.813333333333333,0.853333333333333,0.9,0.88,1,1,1.18088028415502
0.8,0.866666666666667,0.88,0.86,1,1,1.15600714461341
0.806666666666667,0.833333333333333,0.866666666666667,0.886666666666667,1,1,1.14474258034756
0.806666666666667,0.88,0.92,0.893333333333333,1,1,1.16198506094066
0.793333333333333,0.9,0.873333333333333,0.873333333333333,1,0.986666666666667,1.09000320437545
0.8,0.853333333333333,0.906666666666667,0.853333333333333,1,0.986666666666667,1.20331276637064
0.78,0.8,0.88,0.88,1,1,1.18632497414524
0.74,0.9,0.893333333333333,0.806666666666667,1,0.986666666666667,1.15475352916064
0.8,0.88,0.933333333333333,0.9,1,1,1.16744153110099
0.766666666666667,0.88,0.92,0.893333333333333,0.986666666666667,1,1.14415600045849
0.786666666666667,0.8,0.926666666666667,0.833333333333333,1,1,1.31703637890191
0.82,0.9,0.953333333333333,0.846666666666667,1,1,1.24679378793896
0.806666666666667,0.8,0.906666666666667,0.886666666666667,1,1,1.23202033731515
0.806666666666667,0.833333333333333,0.866666666666667,0.86,1,0.986666666666667,1.16641571583885
0.753333333333333,0.826666666666667,0.913333333333333,0.866666666666667,0.986666666666667,0.973333333333333,1.19113284686852
0.84,0.86,0.9,0.873333333333333,1,1,1.19882332658843
0.74,0.826666666666667,0.873333333333333,0.866666666666667,0.986666666666667,0.986666666666667,1.13797195183306
0.813333333333333,0.846666666666667,0.873333333333333,0.88,1,1,1.15242991854735
0.84,0.84,0.886666666666667,0.84,1,1,1.24235721874199
0.8,0.873333333333333,0.866666666666667,0.86,1,0.986666666666667,1.12362971685719
0.78,0.78,0.96,0.893333333333333,1,1,1.30066947223238
0.76,0.82,0.893333333333333,0.866666666666667,1,1,1.1868038452437
0.826666666666667,0.82,0.88,0.86,1,1,1.22071906326404
0.84,0.833333333333333,0.9,0.866666666666667,1,1,1.23421364731199
0.773333333333333,0.84,0.926666666666667,0.886666666666667,1,1,1.19599585432774
0.826666666666667,0.826666666666667,0.933333333333333,0.9,1,1,1.23620270618881
0.82,0.886666666666667,0.893333333333333,0.893333333333333,1,1,1.13040205798476
0.813333333333333,0.846666666666667,0.906666666666667,0.813333333333333,1,1,1.27960922350955
0.78,0.893333333333333,0.913333333333333,0.893333333333333,1,1,1.12527633666046
0.76,0.86,0.853333333333333,0.886666666666667,1,1,1.07337690061365
0.76,0.773333333333333,0.9,0.84,1,1,1.28239013340312
0.78,0.846666666666667,0.926666666666667,0.9,0.986666666666667,0.986666666666667,1.17625729986535
0.766666666666667,0.853333333333333,0.926666666666667,0.86,1,1,1.20980837685502
0.833333333333333,0.82,0.913333333333333,0.86,1,1,1.27083217893299
0.786666666666667,0.88,0.913333333333333,0.866666666666667,1,1,1.17070493472333
0.786666666666667,0.9,0.846666666666667,0.9,1,0.986666666666667,1.0268585721901
0.82,0.846666666666667,0.886666666666667,0.866666666666667,1,1,1.18967910628788
0.746666666666667,0.88,0.913333333333333,0.866666666666667,1,1,1.1457091867006
0.766666666666667,0.833333333333333,0.886666666666667,0.813333333333333,1,0.986666666666667,1.22452691919565
0.766666666666667,0.853333333333333,0.913333333333333,0.913333333333333,1,1,1.13218145874702
0.833333333333333,0.906666666666667,0.92,0.84,1,1,1.21301139617725
0.826666666666667,0.86,0.9,0.906666666666667,1,1,1.1530097157364
0.793333333333333,0.88,0.933333333333333,0.906666666666667,1,1,1.15621135719658
0.773333333333333,0.86,0.906666666666667,0.866666666666667,1,1,1.17306765142538
0.826666666666667,0.873333333333333,0.906666666666667,0.866666666666667,1,1,1.19362527790453
0.82,0.853333333333333,0.893333333333333,0.873333333333333,1,1,1.18404895520368
0.833333333333333,0.846666666666667,0.973333333333333,0.88,1,1,1.29647893569492
0.793333333333333,0.813333333333333,0.906666666666667,0.866666666666667,1,1,1.23400171833703
0.8,0.86,0.913333333333333,0.866666666666667,0.986666666666667,1,1.20560596847933
0.82,0.82,0.873333333333333,0.86,1,1,1.20716655885346
0.826666666666667,0.826666666666667,0.9,0.886666666666667,1,1,1.20824126317016
0.7,0.82,0.9,0.8,1,1,1.2402228597729
0.82,0.826666666666667,0.893333333333333,0.92,1,1,1.15703218904989
0.8,0.813333333333333,0.92,0.84,1,1,1.29178146770283
0.8,0.846666666666667,0.88,0.9,1,1,1.13062764798226
0.826666666666667,0.853333333333333,0.933333333333333,0.826666666666667,1,1,1.30024772804724
0.766666666666667,0.833333333333333,0.86,0.88,1,1,1.11777808701024
0.82,0.813333333333333,0.873333333333333,0.873333333333333,1,1,1.19783893916876
0.793333333333333,0.846666666666667,0.913333333333333,0.866666666666667,1,1,1.20803833994038
0.82,0.893333333333333,0.94,0.893333333333333,1,1,1.18268593941612
0.826666666666667,0.88,0.92,0.833333333333333,1,1,1.24428222849303
0.74,0.813333333333333,0.913333333333333,0.913333333333333,1,1,1.15302693877842
0.806666666666667,0.84,0.933333333333333,0.873333333333333,1,1,1.24203720630087
0.806666666666667,0.86,0.926666666666667,0.853333333333333,1,1,1.23671882096696
0.786666666666667,0.88,0.92,0.866666666666667,1,1,1.17933468508328
0.806666666666667,0.893333333333333,0.906666666666667,0.853333333333333,1,1,1.17676310019022
0.806666666666667,0.86,0.9,0.846666666666667,1,1,1.20915657969522
0.833333333333333,0.853333333333333,0.893333333333333,0.893333333333333,1,0.986666666666667,1.16099276322495
0.806666666666667,0.88,0.866666666666667,0.9,0.986666666666667,1,1.09436506584971
0.746666666666667,0.846666666666667,0.933333333333333,0.886666666666667,1,1,1.18127382718913
0.813333333333333,0.833333333333333,0.866666666666667,0.893333333333333,0.986666666666667,1,1.14831161758261
0.76,0.86,0.906666666666667,0.866666666666667,0.986666666666667,1,1.17141726680049
0.806666666666667,0.853333333333333,0.893333333333333,0.873333333333333,1,1,1.1755854929705
0.826666666666667,0.86,0.886666666666667,0.846666666666667,0.986666666666667,0.986666666666667,1.20187514152991
0.82,0.84,0.886666666666667,0.88,1,0.973333333333333,1.16303977448428
0.833333333333333,0.873333333333333,0.92,0.893333333333333,1,1,1.18457331651358
0.813333333333333,0.826666666666667,0.933333333333333,0.853333333333333,1,1,1.28628330809324
0.813333333333333,0.833333333333333,0.893333333333333,0.86,1,0.986666666666667,1.20660360632319
0.82,0.773333333333333,0.873333333333333,0.88,1,0.986666666666667,1.2223278288089
0.806666666666667,0.84,0.853333333333333,0.873333333333333,1,1,1.13565849734015
0.82,0.86,0.88,0.826666666666667,1,1,1.21522755048003
0.78,0.873333333333333,0.906666666666667,0.9,1,0.986666666666667,1.11974917341411
0.793333333333333,0.793333333333333,0.906666666666667,0.886666666666667,1,1,1.230367451057
0.786666666666667,0.826666666666667,0.913333333333333,0.86,1,0.973333333333333,1.21370254211758
0.806666666666667,0.826666666666667,0.933333333333333,0.893333333333333,1,1,1.23155858764396
0.853333333333333,0.886666666666667,0.913333333333333,0.866666666666667,1,1,1.20574362588015
0.786666666666667,0.853333333333333,0.9,0.913333333333333,1,1,1.12752682862453
0.753333333333333,0.886666666666667,0.906666666666667,0.88,1,1,1.12069801530783
0.753333333333333,0.873333333333333,0.906666666666667,0.806666666666667,0.986666666666667,1,1.22551195715451
0.826666666666667,0.833333333333333,0.893333333333333,0.846666666666667,1,1,1.24144643993029
0.786666666666667,0.873333333333333,0.913333333333333,0.86,1,1,1.18481943541877
0.8,0.886666666666667,0.893333333333333,0.866666666666667,1,1,1.14685010246453
0.746666666666667,0.806666666666667,0.906666666666667,0.84,0.986666666666667,1,1.25153125369842
0.853333333333333,0.88,0.913333333333333,0.866666666666667,1,1,1.21236451476122
0.793333333333333,0.846666666666667,0.886666666666667,0.86,1,1,1.18033855817175
0.78,0.9,0.873333333333333,0.9,1,1,1.063112673306
0.773333333333333,0.82,0.906666666666667,0.88,1,1,1.19754565840892
0.866666666666667,0.866666666666667,0.9,0.886666666666667,1,1,1.1935510638914
0.833333333333333,0.826666666666667,0.906666666666667,0.873333333333333,0.973333333333333,1,1.25159845434397
0.773333333333333,0.846666666666667,0.94,0.86,1,1,1.23886127795417
0.84,0.86,0.953333333333333,0.86,1,0.986666666666667,1.27549597044228
0.8,0.813333333333333,0.92,0.873333333333333,1,1,1.24819086165047
0.786666666666667,0.853333333333333,0.913333333333333,0.886666666666667,1,1,1.17387382555188
0.8,0.82,0.893333333333333,0.866666666666667,1,1,1.21309910844369
0.826666666666667,0.873333333333333,0.913333333333333,0.88,1,1,1.18697381653093
0.84,0.86,0.933333333333333,0.853333333333333,0.986666666666667,1,1.27397943838075
0.793333333333333,0.82,0.906666666666667,0.873333333333333,1,1,1.21864082480475
0.86,0.82,0.933333333333333,0.92,1,1,1.23999780188662
0.826666666666667,0.806666666666667,0.906666666666667,0.906666666666667,1,1,1.21361562633091
