PPV_A_e,PPV_A_ne,PPV_B_e,PPV_B_ne,PPV_C_e,PPV_C_ne,RR
0.24,0.28,0.36,0.22,0.96,1,1.38940709472086
0.26,0.36,0.36,0.3,0.92,0.92,0.987330475853048
0.24,0.34,0.4,0.4,0.96,0.88,0.889542324753547
0.24,0.38,0.46,0.34,0.96,0.92,1.05256204992713
0.24,0.38,0.42,0.36,0.96,0.92,0.937856769181624
0.32,0.38,0.5,0.34,0.96,0.96,1.27002413842262
0.22,0.42,0.4,0.42,0.92,0.84,0.743459013472582
0.22,0.34,0.5,0.56,0.92,0.96,0.86164496949586
0.18,0.3,0.4,0.24,1,0.92,1.18702576531666
0.22,0.4,0.4,0.3,1,0.92,0.917438078558919
0.32,0.3,0.4,0.34,0.96,0.96,1.2287744893589
0.3,0.32,0.46,0.3,0.92,0.92,1.39116517469985
0.22,0.36,0.46,0.32,0.96,0.92,1.09622325705572
0.26,0.3,0.52,0.34,0.92,1,1.44158851387501
0.3,0.3,0.44,0.44,0.96,0.92,1.06677577211006
0.26,0.38,0.44,0.36,0.96,1,1.02650991675117
0.26,0.38,0.46,0.38,0.96,0.88,1.00546051126203
0.24,0.38,0.4,0.34,1,0.96,0.925799117099137
0.28,0.26,0.56,0.34,1,1,1.68440359067311
0.22,0.34,0.5,0.44,1,0.96,1.00150552244039
0.26,0.36,0.48,0.38,0.92,0.96,1.10884197983716
0.18,0.26,0.36,0.3,1,1,1.0454749247422
0.28,0.22,0.46,0.28,0.96,1,1.83088761772875
0.32,0.36,0.54,0.38,0.96,1,1.32130585408074
0.32,0.36,0.4,0.44,0.96,0.92,0.925211819752982
0.36,0.4,0.5,0.3,0.96,0.96,1.37897130676914
0.24,0.32,0.52,0.36,1,0.96,1.26343391587171
0.28,0.32,0.48,0.3,1,0.96,1.39331671985893
0.32,0.36,0.36,0.3,0.92,0.92,1.08952047076499
0.3,0.3,0.32,0.38,0.96,1,0.935293146419895
0.16,0.2,0.5,0.34,0.96,0.88,1.43766832286746
0.3,0.4,0.54,0.38,0.96,0.96,1.19977515926219
0.42,0.28,0.44,0.36,0.92,0.96,1.51783644883358
0.28,0.34,0.52,0.28,0.92,0.88,1.48701676028576
0.22,0.38,0.44,0.28,1,0.88,1.06760311669689
0.3,0.3,0.58,0.44,0.96,0.84,1.32313794122327
0.24,0.28,0.38,0.46,0.96,0.92,0.857644844755866
0.26,0.3,0.5,0.44,0.96,1,1.14911585610316
0.3,0.42,0.56,0.26,0.92,0.96,1.47704242411667
0.26,0.44,0.56,0.28,1,1,1.30419878988972
0.2,0.36,0.42,0.28,1,0.88,1.02652085580825
0.24,0.24,0.48,0.34,0.92,1,1.48589281175293
0.26,0.4,0.42,0.2,0.96,0.96,1.27055200549634
0.36,0.3,0.3,0.42,1,0.96,0.901843381441505
0.2,0.38,0.46,0.52,0.96,1,0.771028228733523
0.28,0.28,0.48,0.36,1,0.96,1.33812554934135
0.3,0.28,0.48,0.32,0.96,1,1.52483428423715
0.26,0.36,0.46,0.34,0.96,0.96,1.13232126371936
0.26,0.24,0.44,0.2,0.96,0.96,2.01781525538444
0.34,0.5,0.46,0.34,0.96,1,1.01807999579629
0.2,0.26,0.34,0.38,1,0.96,0.855424148693474
0.32,0.38,0.56,0.32,1,0.88,1.40532571955593
0.18,0.26,0.58,0.26,1,0.96,1.83876369217889
0.26,0.44,0.54,0.5,0.92,1,0.931081064355342
0.34,0.22,0.58,0.32,0.96,0.92,2.09222141125923
0.24,0.4,0.46,0.28,1,0.88,1.10573018575458
0.22,0.36,0.42,0.36,1,0.84,0.910466863933117
0.26,0.3,0.42,0.18,0.96,1,1.7411607377196
0.32,0.28,0.5,0.44,1,1,1.27098703985635
0.22,0.4,0.46,0.3,1,0.96,1.05664092306692
0.34,0.34,0.54,0.44,0.92,1,1.27722656267272
0.3,0.4,0.4,0.36,1,0.96,0.953287197231834
0.2,0.24,0.6,0.48,0.96,0.92,1.28166627576931
0.24,0.5,0.48,0.26,1,1,1.03258183112766
0.26,0.36,0.44,0.28,1,0.92,1.1920102093922
0.3,0.28,0.36,0.28,1,0.88,1.25356927603481
0.18,0.28,0.5,0.42,0.96,1,1.10206232200122
0.18,0.26,0.4,0.34,1,0.92,1.03564766839378
0.24,0.28,0.52,0.28,0.96,0.96,1.63586287645443
0.3,0.46,0.46,0.4,0.96,1,0.93952474889577
0.36,0.34,0.48,0.44,1,1,1.1699054238682
0.28,0.4,0.4,0.22,1,0.96,1.19128298246279
0.2,0.46,0.42,0.32,1,0.96,0.821579309528714
0.34,0.42,0.4,0.36,0.96,0.96,0.990004908792875
0.22,0.28,0.52,0.3,0.96,0.88,1.48410733705334
0.18,0.46,0.46,0.22,1,1,1.03984013627727
0.18,0.28,0.48,0.34,1,0.96,1.20697595112695
0.3,0.28,0.46,0.24,0.96,1,1.7819536263425
0.28,0.3,0.5,0.3,1,1,1.52442030434983
0.3,0.22,0.48,0.38,0.92,1,1.53923206883499
0.16,0.4,0.44,0.28,1,0.88,0.931725662592432
0.26,0.38,0.5,0.28,0.96,0.8,1.25792568956081
0.32,0.32,0.52,0.36,0.96,0.92,1.39380808132669
0.36,0.32,0.48,0.32,0.96,1,1.511235287124
0.28,0.32,0.48,0.42,0.96,0.84,1.097149584859
0.2,0.26,0.5,0.36,0.96,0.96,1.30837792778613
0.3,0.24,0.34,0.28,1,0.96,1.35694351622687
0.26,0.4,0.52,0.32,1,0.96,1.20790646202617
0.26,0.32,0.44,0.34,0.96,1,1.18468489310453
0.3,0.34,0.38,0.32,1,0.84,1.05432752504174
0.26,0.54,0.5,0.34,1,0.92,0.908676830841246
0.2,0.36,0.52,0.38,1,0.92,1.06839567501001
0.28,0.36,0.36,0.24,1,0.92,1.12357552638693
0.32,0.28,0.5,0.3,1,0.96,1.65490315673773
0.2,0.26,0.42,0.28,0.92,0.96,1.34130131248255
0.3,0.36,0.46,0.32,0.96,0.96,1.24021672597496
0.28,0.32,0.48,0.46,1,0.88,1.02961289363783
0.32,0.26,0.46,0.24,0.92,0.92,1.8905782728105
0.32,0.28,0.42,0.24,0.92,0.96,1.69273082459387
0.2,0.24,0.58,0.48,0.92,0.96,1.26343462460373
0.14,0.4,0.46,0.3,1,1,0.93803272474572
0.24,0.38,0.38,0.22,1,1,1.12576048055293
0.3,0.32,0.48,0.24,0.96,0.96,1.64817586716162
0.32,0.34,0.32,0.34,0.96,0.88,0.939361212826566
0.18,0.4,0.62,0.38,1,1,1.18363299929035
0.34,0.24,0.4,0.36,0.92,0.96,1.38760799907581
0.22,0.26,0.52,0.38,1,0.92,1.31310712535746
0.18,0.4,0.46,0.28,0.92,0.96,1.05334346583393
0.22,0.46,0.56,0.32,1,0.96,1.11541091237405
0.32,0.36,0.5,0.32,0.96,0.92,1.34931791693835
0.24,0.28,0.56,0.36,0.92,1,1.50349883938176
0.32,0.38,0.48,0.3,0.92,1,1.34434220629975
0.36,0.36,0.46,0.14,1,1,2.01366678075321
0.28,0.36,0.44,0.38,0.96,0.96,1.04682779809119
0.32,0.36,0.46,0.3,0.92,0.96,1.33449110534918
0.34,0.36,0.6,0.4,0.96,0.92,1.40095796518691
0.22,0.36,0.42,0.38,0.96,0.96,0.916717872037195
0.32,0.24,0.52,0.2,1,0.96,2.49529469575456
0.26,0.38,0.44,0.36,0.96,0.92,1.00756709459678
0.34,0.38,0.5,0.3,0.96,0.84,1.35442184571651
0.18,0.3,0.52,0.4,1,1,1.13403669261094
0.28,0.34,0.48,0.34,1,0.96,1.23987498541064
0.42,0.26,0.56,0.38,0.96,0.96,1.79578440565998
0.26,0.26,0.54,0.36,0.96,0.96,1.52119839576557
0.26,0.38,0.4,0.48,1,1,0.777959634383081
0.22,0.24,0.42,0.28,1,0.88,1.38315293009583
0.24,0.4,0.4,0.3,1,0.96,0.958577572295984
0.34,0.34,0.44,0.42,0.96,1,1.1100869275482
0.22,0.36,0.44,0.2,0.96,0.92,1.34492686065445
0.18,0.34,0.48,0.32,1,0.96,1.11497784072245
0.26,0.16,0.52,0.36,0.96,0.96,1.85289106278597
0.2,0.4,0.38,0.46,0.88,1,0.696089392060894
0.3,0.54,0.42,0.4,0.96,0.92,0.773297416047704
0.32,0.42,0.38,0.38,0.96,0.92,0.888684681418783
0.22,0.38,0.54,0.46,0.96,1,1.00311644216292
0.42,0.46,0.42,0.26,0.96,0.96,1.2570197672199
0.28,0.36,0.52,0.32,0.92,1,1.36814739104227
0.28,0.22,0.4,0.38,1,0.92,1.22769529290557
0.22,0.3,0.44,0.46,0.92,0.92,0.928768511109467
0.36,0.38,0.38,0.3,0.96,0.92,1.14806837756037
0.22,0.3,0.44,0.32,0.96,0.8,1.14109648560877
0.18,0.26,0.38,0.32,1,1,1.05361969111969
0.36,0.34,0.5,0.36,1,0.88,1.34055141287284
0.28,0.26,0.4,0.32,1,0.96,1.29843131524274
0.22,0.32,0.58,0.3,0.96,0.96,1.54765589705475
0.2,0.22,0.48,0.32,0.96,0.96,1.50645424779564
0.22,0.34,0.48,0.24,0.96,0.84,1.35992569197057
0.28,0.34,0.42,0.38,1,1,1.03947788960049
0.36,0.44,0.46,0.3,1,1,1.20712303051885
0.22,0.3,0.4,0.34,1,1,1.04842312058223
0.3,0.26,0.46,0.3,1,1,1.59616985845129
0.32,0.26,0.34,0.36,0.92,0.96,1.14157718629406
0.3,0.36,0.54,0.32,1,0.96,1.40786552407432
0.32,0.24,0.56,0.28,1,0.96,2.10382409318244
0.28,0.24,0.48,0.34,0.96,1,1.55313884536308
0.26,0.44,0.44,0.36,0.92,1,0.943092271678828
0.24,0.3,0.38,0.42,1,0.88,0.867233560359481
0.28,0.44,0.46,0.4,0.96,0.92,0.925643932613322
0.3,0.28,0.54,0.4,0.96,0.88,1.39123662089225
0.34,0.26,0.38,0.32,1,0.96,1.36524813682947
0.3,0.4,0.44,0.34,0.96,1,1.08681912407348
0.28,0.28,0.48,0.38,0.96,0.88,1.2724061670502
0.24,0.44,0.56,0.36,1,0.96,1.10903804216138
0.3,0.26,0.54,0.32,1,0.96,1.72438100804991
0.24,0.4,0.5,0.26,0.92,1,1.30407518391809
0.18,0.26,0.52,0.54,0.92,0.96,0.973728343419014
0.28,0.2,0.42,0.38,0.92,1,1.40092729337799
0.24,0.32,0.44,0.28,0.88,1,1.32889375792415
0.3,0.32,0.52,0.22,0.92,1,1.89322718471347
0.24,0.32,0.44,0.34,0.88,1,1.17532490508009
0.28,0.4,0.52,0.32,0.96,1,1.26225364620692
0.2,0.26,0.34,0.38,0.92,1,0.891538502911462
0.18,0.36,0.36,0.34,0.96,0.92,0.779823876936796
0.24,0.42,0.5,0.34,1,0.96,1.06247130634981
0.28,0.38,0.42,0.3,0.92,0.96,1.12928568279139
0.24,0.4,0.46,0.42,1,0.92,0.890553912589667
0.34,0.32,0.48,0.3,0.92,0.92,1.51477320855939
0.3,0.22,0.48,0.54,1,1,1.12016203571632
0.24,0.34,0.48,0.36,0.96,1,1.15520491658285
0.22,0.32,0.46,0.32,0.96,1,1.20880536259207
0.26,0.26,0.62,0.4,0.96,0.92,1.57498188521621
0.38,0.32,0.5,0.36,0.92,1,1.49030054931231
0.34,0.32,0.42,0.4,0.96,0.96,1.13345334170976
0.32,0.32,0.56,0.46,1,0.96,1.25553834050303
0.4,0.42,0.44,0.5,1,0.96,0.936461437355396
0.32,0.4,0.54,0.34,0.92,0.96,1.31991486319469
0.3,0.38,0.32,0.24,0.96,1,1.05238682205289
0.28,0.26,0.34,0.4,0.92,0.96,0.985713439490789
0.26,0.36,0.52,0.34,0.96,0.96,1.26237587845157
0.2,0.26,0.56,0.28,0.96,1,1.77305712687703
0.38,0.28,0.5,0.38,0.96,1,1.53499467901245
0.24,0.26,0.42,0.22,1,1,1.66843168704564
0.24,0.36,0.42,0.32,0.96,1,1.06181303561601
0.4,0.26,0.62,0.36,0.92,1,2.0212146054626
0.22,0.38,0.48,0.38,0.96,1,1.01408087488561
0.32,0.22,0.46,0.38,1,0.84,1.42649789524634
0.18,0.28,0.58,0.24,0.96,0.92,1.82914727447759
0.16,0.3,0.48,0.46,1,1,0.915876844851077
0.18,0.42,0.52,0.38,1,1,0.961992835874647
0.24,0.38,0.4,0.36,1,0.96,0.895186161264999
0.34,0.32,0.5,0.3,0.96,1,1.58769894045867
0.16,0.28,0.6,0.42,0.92,0.92,1.27482158383516
0.18,0.32,0.28,0.18,1,0.96,0.932790295030154
0.26,0.38,0.42,0.2,1,1,1.32966866791503
0.24,0.3,0.4,0.44,0.92,0.92,0.908573650803939
0.3,0.4,0.42,0.2,1,0.92,1.31811601167806
0.2,0.28,0.44,0.4,1,0.92,1.006926153546
0.28,0.34,0.52,0.32,0.96,0.96,1.39301888519717
0.28,0.36,0.48,0.26,0.96,0.92,1.3907739647289
0.38,0.3,0.42,0.48,0.92,0.96,1.09427855136111
0.18,0.36,0.42,0.42,0.96,1,0.810892369593332
0.26,0.36,0.52,0.3,0.96,0.92,1.34416032435687
0.3,0.4,0.52,0.4,0.96,0.96,1.12685237929246
0.38,0.32,0.4,0.4,0.92,0.96,1.16467162808679
0.36,0.22,0.52,0.3,1,0.96,2.07048196089232
0.28,0.28,0.32,0.38,0.88,0.88,0.93164211286577
0.24,0.26,0.36,0.26,0.92,1,1.33354947622615
0.34,0.38,0.42,0.32,1,1,1.17358815740263
0.22,0.3,0.46,0.3,1,1,1.29972149989999
0.4,0.46,0.5,0.34,0.96,0.92,1.2156091597905
0.26,0.38,0.64,0.38,0.92,0.96,1.38685660912457
0.22,0.34,0.5,0.34,0.96,1,1.20995416294301
0.36,0.48,0.34,0.26,1,0.92,0.944179145245332
0.28,0.3,0.42,0.26,1,1,1.43622934848929
0.36,0.2,0.38,0.26,0.96,0.96,1.94558545233072
0.3,0.38,0.48,0.34,1,1,1.19749827387241
0.16,0.34,0.62,0.46,0.96,0.92,1.11134576433369
0.3,0.3,0.44,0.3,1,0.88,1.35397268731097
0.26,0.38,0.5,0.22,0.92,0.92,1.477570427506
0.32,0.26,0.42,0.26,0.96,0.88,1.62791875818323
0.22,0.48,0.52,0.26,0.96,0.92,1.10879916297653
0.2,0.38,0.38,0.4,0.96,1,0.762543772770684
0.16,0.44,0.48,0.32,0.96,0.92,0.909973596797547
0.22,0.3,0.48,0.28,1,0.92,1.37928124627479
0.34,0.3,0.56,0.5,0.88,0.96,1.27475444820191
0.2,0.4,0.46,0.24,0.96,0.96,1.15951205311657
0.28,0.26,0.44,0.32,0.96,0.96,1.423373339348
0.24,0.36,0.36,0.46,0.96,1,0.73479374418745
0.24,0.28,0.42,0.38,0.96,0.92,1.07930791054517
0.44,0.28,0.44,0.24,0.96,1,2.05094245403254
0.18,0.4,0.32,0.48,0.96,0.88,0.523595484618547
0.32,0.34,0.46,0.2,0.96,0.96,1.71374317588417
0.18,0.34,0.46,0.32,1,0.92,1.05697837970313
0.22,0.42,0.32,0.14,0.96,1,1.03058771974179
0.18,0.4,0.56,0.32,0.96,0.92,1.16810099317937
0.24,0.32,0.44,0.3,0.96,0.96,1.23139072268614
0.22,0.34,0.44,0.3,0.92,0.92,1.14709538112309
0.22,0.32,0.52,0.4,1,1,1.1572702830626
0.3,0.36,0.4,0.16,0.92,0.84,1.51557564458827
0.3,0.28,0.56,0.4,0.92,0.96,1.47706924098436
0.32,0.38,0.56,0.4,1,1,1.26659385943193
0.28,0.28,0.46,0.32,0.96,0.96,1.41480513163495
0.18,0.44,0.42,0.3,0.96,1,0.865015222871805
0.34,0.3,0.54,0.34,0.96,0.96,1.60409744518498
0.26,0.42,0.48,0.28,0.96,0.92,1.16405580409118
0.28,0.46,0.48,0.3,0.96,1,1.10161643316666
0.26,0.26,0.44,0.28,0.92,1,1.55736051031172
0.3,0.32,0.44,0.34,0.92,0.96,1.25341342645819
0.26,0.34,0.52,0.38,1,1,1.21966209210125
0.26,0.28,0.46,0.26,0.92,0.88,1.55295751783816
0.22,0.38,0.5,0.42,0.96,1,0.989693218918345
0.24,0.38,0.46,0.32,1,1,1.09959972101768
0.3,0.3,0.46,0.3,1,0.92,1.42223069922235
0.4,0.24,0.42,0.42,1,1,1.36843480461935
0.26,0.42,0.56,0.34,1,0.92,1.19815446132191
0.28,0.38,0.5,0.3,0.96,0.88,1.27066112027322
0.22,0.3,0.46,0.22,1,0.92,1.52851274813166
0.18,0.4,0.36,0.28,0.96,0.88,0.799966965669707
0.32,0.44,0.3,0.34,0.96,0.96,0.772116364433244
0.3,0.28,0.54,0.32,0.96,0.96,1.66439168237369
0.36,0.36,0.54,0.36,1,0.92,1.39086940705711
0.3,0.34,0.52,0.3,0.92,1,1.51397400803367
0.24,0.28,0.5,0.36,1,1,1.32988167355489
0.36,0.34,0.48,0.28,1,0.96,1.54239046797398
0.42,0.38,0.5,0.26,1,0.88,1.60142433526914
0.26,0.26,0.36,0.2,0.96,1,1.62013352104196
0.24,0.36,0.44,0.34,0.96,1,1.06762558658456
0.28,0.3,0.52,0.28,1,0.96,1.62870249183577
0.16,0.34,0.38,0.24,1,0.96,0.999644207249277
0.3,0.28,0.46,0.22,0.96,1,1.88117109709704
0.3,0.46,0.44,0.34,0.96,0.96,0.979522996775626
0.42,0.26,0.52,0.4,1,0.88,1.58738171178533
0.26,0.18,0.4,0.3,1,1,1.64954110094113
0.18,0.34,0.44,0.42,0.96,1,0.876630889974691
0.24,0.3,0.56,0.34,0.96,0.96,1.47363588777512
0.26,0.42,0.44,0.32,0.96,0.96,1.01694554901897
0.36,0.28,0.52,0.26,0.96,0.96,1.98448762745173
0.2,0.46,0.42,0.36,0.96,0.96,0.783237590584196
0.3,0.34,0.58,0.34,0.92,0.84,1.47621587218531
0.26,0.3,0.46,0.42,0.96,0.96,1.09360675979017
0.26,0.38,0.46,0.48,1,0.92,0.866526735278186
0.28,0.38,0.44,0.34,1,0.96,1.07133036777871
0.28,0.36,0.48,0.44,0.96,1,1.03478331704138
0.34,0.32,0.56,0.24,0.96,1,1.99018034721052
0.28,0.34,0.5,0.32,0.96,1,1.360969582163
0.18,0.26,0.52,0.3,0.96,0.96,1.50826755545798
0.22,0.26,0.5,0.34,0.96,0.88,1.37033519238018
0.18,0.38,0.6,0.44,0.96,0.88,1.06119975639464
0.2,0.38,0.34,0.42,1,0.88,0.638724874437503
0.28,0.4,0.4,0.28,1,0.92,1.04924732507753
0.28,0.3,0.46,0.38,0.92,0.96,1.21918387355305
0.32,0.34,0.48,0.3,0.96,1,1.43883735347319
0.36,0.34,0.42,0.3,0.96,0.92,1.33397372901297
0.34,0.3,0.5,0.38,1,0.92,1.37015549149122
0.36,0.4,0.42,0.42,1,0.96,0.984679001875661
0.38,0.48,0.32,0.28,0.96,0.92,0.914526178949256
0.26,0.36,0.44,0.32,1,0.96,1.11682090280011
0.22,0.32,0.36,0.26,0.88,0.96,1.11100769086594
0.26,0.28,0.48,0.3,0.96,0.96,1.49284119102758
0.22,0.24,0.44,0.44,1,0.88,1.02922581202576
0.28,0.38,0.34,0.4,0.96,0.92,0.785165584782363
0.2,0.42,0.5,0.26,0.92,0.96,1.17639064319598
0.36,0.26,0.5,0.32,0.96,0.96,1.75099909144625
0.22,0.26,0.5,0.28,1,1,1.61775825327264
0.3,0.36,0.4,0.26,1,0.96,1.22855927041041
0.26,0.48,0.46,0.42,1,1,0.833722655181207
0.34,0.32,0.42,0.36,0.92,1,1.24162665632338
0.3,0.5,0.58,0.42,0.88,1,1.07267873626483
0.34,0.38,0.46,0.32,1,0.88,1.22417227152536
0.2,0.28,0.54,0.44,0.92,0.92,1.16843606704895
0.3,0.42,0.48,0.26,1,1,1.28632529031142
0.24,0.26,0.46,0.36,0.96,0.92,1.2671848979192
0.2,0.38,0.46,0.32,1,0.96,1.02465287333317
0.16,0.28,0.44,0.26,1,0.96,1.27988243548438
0.26,0.34,0.4,0.32,1,1,1.07763679317177
0.24,0.24,0.46,0.3,1,1,1.54034967238126
0.24,0.5,0.48,0.3,1,0.96,0.961709399529418
0.16,0.46,0.34,0.34,1,1,0.600270529246956
0.34,0.36,0.5,0.28,1,0.96,1.49399300209937
0.24,0.34,0.42,0.38,0.96,1,0.988486733760293
0.32,0.32,0.62,0.36,0.96,0.96,1.63293338935661
0.24,0.28,0.5,0.26,1,1,1.66301704454946
0.26,0.2,0.4,0.4,0.96,1,1.23285120787814
0.32,0.26,0.54,0.3,0.96,0.96,1.86364105071632
0.26,0.26,0.34,0.38,0.96,0.92,0.965119272709153
0.28,0.3,0.5,0.26,1,0.92,1.62617810328244
0.24,0.3,0.5,0.4,0.96,0.92,1.17532177997087
0.32,0.3,0.44,0.3,0.92,0.88,1.4196721408791
0.26,0.32,0.48,0.34,0.96,0.92,1.25184676080951
0.28,0.24,0.38,0.38,1,1,1.15421477123605
0.3,0.3,0.36,0.36,0.96,0.96,1.0542084006462
0.14,0.48,0.38,0.3,1,0.92,0.655838527262971
0.3,0.38,0.6,0.4,1,0.92,1.29216741833729
0.26,0.3,0.58,0.32,0.92,0.92,1.61703641811686
0.36,0.34,0.34,0.42,0.96,1,0.941542421967178
0.3,0.34,0.54,0.32,1,0.96,1.46151878557466
0.26,0.36,0.42,0.36,0.92,0.96,1.02115439445999
0.2,0.3,0.44,0.44,0.92,0.96,0.938254067642963
0.18,0.24,0.46,0.34,0.92,0.88,1.25829958761545
0.3,0.26,0.44,0.24,0.96,1,1.81300848191103
0.3,0.48,0.36,0.3,0.96,0.96,0.858009716716302
0.18,0.26,0.32,0.3,0.96,0.92,0.919689842065006
0.28,0.28,0.36,0.3,0.92,1,1.23365111437865
0.22,0.38,0.36,0.36,1,0.96,0.784342174124332
0.36,0.18,0.48,0.34,1,0.96,1.94323652427448
0.4,0.24,0.5,0.28,0.96,1,2.14937765521353
0.24,0.36,0.4,0.22,1,0.96,1.21716948705649
0.22,0.24,0.44,0.26,1,0.96,1.56880463874999
0.1,0.28,0.48,0.34,1,0.92,1.0457475099329
0.34,0.3,0.5,0.34,0.88,0.88,1.49978779855374
0.22,0.38,0.52,0.3,0.96,0.92,1.22966912510301
0.28,0.3,0.44,0.34,1,0.96,1.24111329136424
0.26,0.28,0.38,0.34,1,0.96,1.10352878082619
0.28,0.28,0.4,0.32,0.96,0.96,1.25677023165319
0.32,0.3,0.58,0.44,0.96,0.96,1.38997972019476
0.28,0.36,0.46,0.32,0.92,0.84,1.18249923273143
0.38,0.14,0.52,0.3,0.96,1,2.74559211800324
0.24,0.36,0.46,0.3,1,0.96,1.17160604518542
0.32,0.36,0.58,0.3,0.96,0.96,1.60183951125866
0.24,0.34,0.4,0.38,0.96,0.92,0.928157914260483
0.24,0.38,0.46,0.48,0.96,1,0.864159010350763
0.3,0.36,0.48,0.4,0.92,0.92,1.12108150997189
0.28,0.38,0.48,0.44,1,0.96,0.986406068159496
0.16,0.32,0.48,0.3,0.96,1,1.19723156861068
0.3,0.36,0.48,0.38,0.96,0.88,1.13650407007548
0.36,0.26,0.48,0.32,0.92,0.92,1.68940810359756
0.16,0.42,0.54,0.3,1,0.96,1.09528952677806
0.18,0.3,0.46,0.4,1,0.92,0.982870604322107
0.3,0.42,0.44,0.44,0.92,0.92,0.900559465451267
0.16,0.28,0.44,0.4,0.92,0.96,0.975251068597751
0.22,0.42,0.52,0.4,1,1,0.986873860903288
0.2,0.4,0.32,0.28,0.96,0.96,0.759787113741642
0.34,0.22,0.56,0.32,1,0.96,2.04453047005355
0.4,0.26,0.5,0.32,1,0.92,1.79466828956119
0.3,0.38,0.46,0.38,1,0.92,1.06128811735832
0.26,0.3,0.4,0.36,1,0.92,1.05475697015872
0.26,0.3,0.42,0.32,0.96,1,1.23247755877184
0.22,0.4,0.52,0.36,1,0.88,1.05374526260602
0.24,0.32,0.34,0.46,1,1,0.732137606586298
0.3,0.38,0.52,0.5,0.92,1,1.02242396783795
0.24,0.3,0.38,0.44,0.92,0.88,0.860522404491908
0.3,0.38,0.52,0.36,0.88,0.76,1.20439740504436
0.3,0.48,0.52,0.34,0.96,1,1.10300698849676
0.34,0.28,0.4,0.34,1,0.96,1.30311315007884
0.22,0.38,0.38,0.48,1,0.96,0.68827373502244
0.32,0.34,0.44,0.38,1,0.88,1.11171482553522
0.36,0.32,0.54,0.38,1,1,1.46864078479535
0.32,0.4,0.46,0.36,1,0.96,1.09977158106611
0.28,0.26,0.46,0.34,0.96,0.96,1.41480943275197
0.28,0.3,0.5,0.34,1,1,1.40227197454573
0.18,0.5,0.42,0.18,0.96,1,0.961260767813574
0.36,0.38,0.44,0.32,0.92,0.88,1.23596332435575
0.24,0.34,0.38,0.28,0.96,0.96,1.07987268869354
0.36,0.26,0.48,0.44,1,0.96,1.32394972279487
0.26,0.38,0.52,0.48,0.96,1,0.991423485306947
0.32,0.44,0.48,0.32,0.92,0.92,1.14973170939443
0.24,0.4,0.48,0.4,1,0.76,0.922635530560393
0.26,0.26,0.56,0.36,1,1,1.57639499153657
0.32,0.3,0.5,0.32,1,0.88,1.48388622082457
0.18,0.4,0.52,0.28,0.88,0.92,1.18801213726819
0.22,0.4,0.34,0.32,1,0.84,0.747690349488753
0.2,0.42,0.42,0.38,1,0.84,0.777116088177682
0.4,0.32,0.52,0.34,1,0.96,1.58701242053737
0.18,0.4,0.44,0.36,1,1,0.865958136308035
0.26,0.28,0.44,0.36,0.96,0.92,1.2049624617974
0.24,0.36,0.52,0.32,1,0.92,1.25049930431122
0.28,0.18,0.28,0.44,0.96,1,0.912510100205838
0.22,0.36,0.46,0.24,0.96,0.96,1.29816929325356
0.28,0.38,0.48,0.38,0.92,0.8,1.06390344740271
0.24,0.32,0.48,0.26,1,1,1.45579675871854
0.2,0.48,0.38,0.36,0.96,1,0.697101859337106
0.24,0.3,0.62,0.46,1,0.92,1.2860264798241
0.3,0.24,0.48,0.42,0.92,1,1.36135009566943
0.26,0.5,0.44,0.3,0.92,0.96,0.935096210048865
0.18,0.32,0.58,0.2,1,0.92,1.812218619262
0.3,0.28,0.56,0.22,1,0.96,2.16960976082115
0.16,0.34,0.42,0.26,0.96,0.96,1.07619861191757
0.34,0.36,0.52,0.26,1,1,1.62500479194128
0.32,0.48,0.54,0.36,1,1,1.12287388843977
0.2,0.4,0.5,0.38,0.88,0.96,1.00420535454053
0.32,0.42,0.38,0.4,0.92,0.92,0.872509291550011
0.26,0.38,0.54,0.28,1,0.92,1.37786568635286
0.34,0.44,0.56,0.22,1,1,1.59411955223028
0.26,0.34,0.52,0.34,0.92,0.92,1.30732580139189
0.16,0.3,0.52,0.32,1,0.88,1.24185765639509
0.22,0.4,0.4,0.28,0.96,0.92,0.962769289220216
0.36,0.3,0.46,0.38,0.92,0.92,1.33801236846632
0.18,0.32,0.44,0.36,0.96,0.92,0.986093854289675
0.32,0.4,0.36,0.32,0.96,0.96,0.976939284402606
0.24,0.28,0.56,0.24,1,0.92,1.88835165789645
0.16,0.44,0.52,0.36,0.96,0.92,0.928727996223106
0.32,0.28,0.6,0.3,0.96,0.96,1.94498502161779
0.28,0.38,0.6,0.26,0.88,1,1.68720365731108
0.2,0.34,0.54,0.4,0.92,0.96,1.14067296864121
0.28,0.36,0.5,0.3,0.92,1,1.37368711845124
0.22,0.3,0.5,0.3,0.92,0.96,1.4177466475751
0.2,0.36,0.4,0.34,1,0.92,0.885767720680217
0.24,0.4,0.6,0.42,0.96,0.96,1.15780937583182
0.32,0.36,0.4,0.3,0.96,0.96,1.18193983355008
0.2,0.24,0.34,0.32,0.96,0.88,1.00539850423196
0.24,0.34,0.48,0.3,0.92,0.96,1.29269501104272
0.34,0.18,0.52,0.28,0.96,0.96,2.41765130685971
0.22,0.32,0.5,0.22,0.92,0.88,1.58379039241989
0.2,0.44,0.4,0.36,0.96,0.96,0.769970115499556
0.26,0.4,0.6,0.34,0.92,0.96,1.35174303824381
0.24,0.42,0.48,0.3,0.96,0.92,1.09402633953251
0.22,0.4,0.5,0.24,1,1,1.2936625658852
0.28,0.32,0.4,0.28,1,0.92,1.22767685505575
0.22,0.26,0.52,0.28,1,0.96,1.655735129852
0.24,0.34,0.4,0.32,0.96,0.96,1.04422701008611
0.32,0.3,0.52,0.36,0.96,1,1.47774445176286
0.42,0.22,0.46,0.34,1,0.96,1.83022043634888
0.18,0.28,0.46,0.38,1,0.96,1.06833082480028
0.26,0.36,0.38,0.36,1,1,0.923725712166607
0.3,0.38,0.5,0.36,0.96,1,1.20941678654812
0.3,0.3,0.52,0.28,0.96,0.92,1.66311242447627
0.24,0.26,0.42,0.38,1,1,1.13367812285037
0.26,0.42,0.5,0.34,0.92,0.96,1.11253112483632
0.34,0.3,0.42,0.36,0.92,0.96,1.27561927840603
0.28,0.28,0.56,0.34,0.96,0.96,1.60896899674432
0.26,0.26,0.5,0.4,0.92,0.96,1.32453325004443
0.32,0.32,0.4,0.42,0.96,0.96,1.02561370799485
0.3,0.46,0.42,0.22,1,0.92,1.12654698919514
0.4,0.3,0.4,0.38,1,0.96,1.25910056464351
0.32,0.36,0.46,0.3,0.96,0.96,1.32190639278627
0.2,0.3,0.48,0.4,0.92,1,1.10239563327605
0.34,0.36,0.4,0.28,0.92,0.96,1.27764030790763
0.24,0.26,0.5,0.46,0.96,0.92,1.13551740725584
0.3,0.38,0.46,0.32,1,0.96,1.18460633959621
0.36,0.38,0.38,0.26,0.96,0.88,1.22451762347935
0.48,0.32,0.46,0.36,0.92,1,1.56703392318014
0.28,0.22,0.48,0.38,0.96,0.92,1.44992685996462
0.3,0.32,0.52,0.28,1,0.92,1.57836829584775
0.22,0.26,0.58,0.38,0.92,0.92,1.48289321791319
0.26,0.44,0.44,0.36,0.92,0.96,0.935102172683951
0.28,0.32,0.42,0.26,0.96,0.96,1.3683133781676
0.32,0.34,0.42,0.32,1,0.92,1.20310185727834
0.44,0.22,0.46,0.3,0.96,0.92,2.05450380187542
0.26,0.34,0.48,0.3,0.96,0.92,1.30089000235304
0.24,0.34,0.62,0.32,1,0.88,1.51239146594126
0.28,0.22,0.44,0.36,1,0.92,1.39092135395426
0.28,0.36,0.6,0.4,1,1,1.32823347376204
0.34,0.44,0.54,0.34,1,0.92,1.23478474335829
0.26,0.34,0.6,0.44,1,0.96,1.24741628681627
0.3,0.34,0.54,0.3,1,1,1.53656341026374
0.28,0.32,0.6,0.36,0.92,0.96,1.53378255704778
0.26,0.3,0.48,0.38,0.96,0.96,1.21883891449425
0.26,0.4,0.5,0.32,1,0.88,1.14400146028314
0.24,0.4,0.48,0.4,1,1,0.969937190507835
0.18,0.44,0.38,0.26,1,0.84,0.795453165270325
0.26,0.46,0.36,0.3,0.92,0.96,0.838208122160331
0.38,0.44,0.48,0.26,0.96,1,1.38137908204393
0.24,0.34,0.38,0.42,0.96,1,0.845540997898129
0.28,0.24,0.58,0.24,1,0.96,2.31407261699861
0.24,0.34,0.5,0.32,1,0.84,1.22546431552588
0.38,0.4,0.5,0.32,0.96,1,1.37596309145648
0.18,0.48,0.36,0.36,0.96,1,0.636238884397737
0.2,0.2,0.38,0.36,0.96,0.96,1.14734391111998
0.24,0.26,0.46,0.3,0.92,0.96,1.47850036423147
0.3,0.32,0.34,0.46,1,1,0.816944596127189
0.22,0.3,0.54,0.28,1,0.92,1.54235602652663
0.26,0.38,0.42,0.34,0.96,1,1.01967907445404
0.2,0.26,0.34,0.32,0.96,0.92,0.973328899652416
0.28,0.36,0.54,0.28,0.96,0.96,1.49670538838349
0.32,0.38,0.4,0.46,0.96,0.92,0.873120153072895
0.26,0.38,0.48,0.28,0.96,0.92,1.25183675643997
0.26,0.3,0.48,0.34,1,0.96,1.30232864096829
0.34,0.28,0.5,0.38,1,0.92,1.42181760059672
0.28,0.28,0.34,0.26,0.92,1,1.29592382166056
0.26,0.32,0.46,0.32,0.96,0.96,1.26690422339663
0.3,0.28,0.42,0.32,1,0.88,1.30254487818778
0.22,0.42,0.44,0.38,0.92,1,0.888272228188754
0.26,0.32,0.62,0.38,0.96,1,1.49403999282323
0.18,0.32,0.48,0.28,1,1,1.27434175703788
0.34,0.34,0.44,0.4,0.96,0.92,1.12596990740741
0.32,0.38,0.38,0.26,1,0.92,1.15429482583456
0.3,0.36,0.5,0.32,1,1,1.33174777891344
0.26,0.26,0.44,0.36,1,0.96,1.25504820864375
0.2,0.44,0.4,0.38,1,0.92,0.731820628426764
0.16,0.24,0.56,0.32,1,0.92,1.54498420973153
0.38,0.28,0.44,0.44,0.96,0.92,1.22532093317123
0.2,0.32,0.5,0.38,0.96,0.96,1.1230576397211
0.26,0.34,0.48,0.34,0.96,0.92,1.20636081952862
0.26,0.42,0.34,0.34,1,0.92,0.77093265375193
0.32,0.32,0.4,0.32,0.96,0.92,1.21521230006035
0.22,0.34,0.6,0.36,1,0.96,1.36011038057782
0.24,0.48,0.4,0.5,0.96,1,0.653050915097723
0.32,0.34,0.46,0.32,1,1,1.32352973196595
0.24,0.32,0.42,0.3,1,0.96,1.1672627114939
0.22,0.42,0.4,0.36,0.92,0.92,0.824911472703178
0.32,0.36,0.48,0.32,1,0.96,1.30620195250495
0.2,0.26,0.42,0.42,1,0.96,0.972395351068989
0.24,0.42,0.34,0.46,1,1,0.633087556370352
0.24,0.36,0.56,0.32,0.92,1,1.39194905259848
0.38,0.28,0.48,0.32,1,0.92,1.62791431128839
0.2,0.38,0.54,0.36,1,1,1.12934462184279
0.2,0.36,0.34,0.26,0.96,1,0.914951151687795
0.24,0.3,0.58,0.36,0.96,1,1.48001981416059
0.36,0.24,0.42,0.42,0.96,1,1.31155028020391
0.26,0.36,0.36,0.34,0.96,0.96,0.915563572498993
0.22,0.46,0.48,0.18,1,0.84,1.19085460154437
0.3,0.36,0.44,0.32,1,0.92,1.17104445733708
0.22,0.34,0.48,0.28,0.92,1,1.32413376190617
0.26,0.3,0.42,0.28,0.96,1,1.34472429392346
0.2,0.46,0.52,0.38,1,0.92,0.91800839746127
0.28,0.42,0.56,0.28,1,0.92,1.35584521102408
0.26,0.18,0.44,0.46,0.96,0.92,1.20497914054044
0.18,0.3,0.46,0.22,0.96,0.96,1.47413973539359
0.24,0.34,0.56,0.34,1,1,1.36745385500394
0.36,0.42,0.52,0.32,0.92,0.96,1.33917732431814
0.32,0.34,0.46,0.24,1,1,1.56460663311926
0.2,0.28,0.46,0.32,1,1,1.26037531465992
0.24,0.28,0.4,0.48,0.96,0.88,0.861579611495193
0.38,0.34,0.58,0.3,0.96,0.92,1.75312192893823
0.24,0.34,0.42,0.34,1,1,1.04956639559293
0.18,0.34,0.54,0.3,0.96,1,1.33261337870085
0.26,0.32,0.5,0.44,0.96,0.92,1.09212779501157
0.22,0.32,0.52,0.34,0.96,0.96,1.289735353432
0.32,0.28,0.44,0.34,1,0.96,1.36685388509821
0.38,0.34,0.5,0.3,0.92,0.92,1.57418577934032
0.26,0.32,0.52,0.3,0.96,0.92,1.45379032560123
0.26,0.24,0.44,0.26,0.96,0.96,1.68596638688012
0.34,0.32,0.46,0.32,0.92,0.88,1.39209517551065
0.34,0.34,0.54,0.28,0.92,1,1.70367432396568
0.24,0.42,0.5,0.24,0.92,0.88,1.26296727801823
0.26,0.24,0.34,0.32,1,0.88,1.11455781519358
0.2,0.36,0.5,0.26,1,1,1.30995455765221
0.26,0.28,0.38,0.32,0.96,1,1.17951156163642
0.32,0.38,0.48,0.3,1,1,1.31984348915405
0.3,0.36,0.46,0.22,0.92,0.96,1.53386532651823
0.34,0.34,0.46,0.2,0.96,0.96,1.75837743120035
0.24,0.26,0.46,0.34,0.96,0.92,1.3210542915071
0.2,0.38,0.4,0.28,0.96,1,0.985945163274527
0.26,0.34,0.42,0.4,1,0.96,0.96555019228343
0.36,0.3,0.4,0.42,0.96,1,1.1333998580048
0.36,0.28,0.48,0.38,0.96,0.96,1.43743521118797
0.28,0.3,0.44,0.2,0.92,0.88,1.7010535491531
0.2,0.46,0.4,0.38,0.92,0.92,0.729811385302653
0.3,0.38,0.44,0.36,0.96,0.92,1.06676589460234
0.34,0.34,0.3,0.38,1,0.92,0.862633930601392
0.34,0.3,0.38,0.38,1,0.96,1.1146612787347
0.36,0.4,0.36,0.38,0.96,0.96,0.942082691426906
0.28,0.24,0.4,0.32,0.88,0.92,1.38780374107899
0.3,0.4,0.42,0.4,0.96,0.96,0.942698458582372
0.22,0.4,0.54,0.44,1,0.96,0.985727231536022
0.24,0.28,0.48,0.28,1,0.96,1.5050393501733
0.26,0.26,0.46,0.38,1,0.92,1.23999601363117
0.3,0.22,0.38,0.38,1,0.96,1.22876721074248
0.22,0.28,0.42,0.32,1,1,1.19307655852828
0.3,0.24,0.4,0.28,0.96,0.92,1.54241943889516
0.14,0.32,0.3,0.36,0.96,0.96,0.615356085010141
0.24,0.44,0.38,0.22,0.92,0.96,1.01014251212282
0.26,0.38,0.62,0.32,1,0.96,1.46743639138375
0.26,0.22,0.42,0.3,1,0.96,1.51755806481226
0.3,0.46,0.34,0.3,1,0.96,0.835715884959054
0.22,0.34,0.54,0.2,0.96,0.92,1.70873756325955
0.3,0.32,0.5,0.34,0.92,0.92,1.37858529997043
0.24,0.42,0.52,0.38,0.96,0.8,1.01105009857716
0.16,0.18,0.46,0.3,0.96,1,1.61922418354296
0.18,0.32,0.4,0.28,0.96,0.88,1.03725876633206
0.28,0.26,0.62,0.44,0.96,0.96,1.51114324600204
0.28,0.32,0.44,0.32,1,1,1.25511376825133
0.3,0.36,0.4,0.3,0.96,0.96,1.14751092479059
0.34,0.34,0.5,0.36,1,0.88,1.30918612637363
0.24,0.32,0.4,0.3,1,0.92,1.10393251143105
0.16,0.34,0.38,0.28,0.88,0.96,0.958040898174272
0.22,0.28,0.5,0.34,0.92,1,1.37524439188811
0.26,0.42,0.46,0.32,0.96,0.96,1.05742982771753
0.36,0.38,0.44,0.24,0.96,0.96,1.45499536575556
0.26,0.3,0.46,0.42,1,1,1.09283851339317
0.28,0.28,0.44,0.26,0.96,0.96,1.56400598992603
0.22,0.28,0.5,0.24,1,0.96,1.67814914367968
0.22,0.34,0.52,0.34,0.92,0.88,1.22909736816025
0.26,0.3,0.38,0.46,0.96,0.96,0.866841563669671
0.36,0.46,0.38,0.26,0.96,0.96,1.0805935240065
0.28,0.3,0.42,0.42,1,0.96,1.02947139001447
0.32,0.34,0.4,0.26,1,0.88,1.28905510291913
0.3,0.36,0.5,0.48,0.92,0.96,1.03753759172381
0.26,0.42,0.48,0.5,0.96,1,0.852229470320579
0.26,0.32,0.46,0.42,0.96,1,1.06738250158598
0.2,0.34,0.42,0.28,1,1,1.10556456607001
0.3,0.42,0.46,0.34,1,0.92,1.06128335989349
0.26,0.3,0.5,0.4,1,1,1.21950116243809
0.28,0.24,0.56,0.36,1,0.92,1.64407492400668
0.38,0.2,0.44,0.42,1,0.96,1.47868045900626
0.26,0.28,0.46,0.3,1,1,1.441195491649
0.38,0.36,0.5,0.28,0.96,0.96,1.57866200139958
0.34,0.28,0.44,0.34,1,0.96,1.40412366326331
0.26,0.42,0.5,0.36,0.96,1,1.07719227657194
0.38,0.32,0.44,0.44,1,0.92,1.13709901558213
0.22,0.3,0.5,0.36,0.96,0.96,1.24308292945611
0.42,0.3,0.44,0.36,0.96,0.92,1.4320379555977
0.22,0.3,0.48,0.28,0.92,1,1.44473652035701
0.18,0.28,0.56,0.32,1,0.92,1.45202537500826
0.24,0.44,0.52,0.28,1,0.92,1.16577639929927
0.26,0.26,0.3,0.26,0.88,0.92,1.17013314610605
0.14,0.26,0.46,0.3,0.96,1,1.26708512137321
0.3,0.36,0.42,0.34,1,0.96,1.09790622677998
0.28,0.36,0.44,0.32,1,1,1.16199910894462
0.3,0.3,0.5,0.28,1,0.96,1.61427691017447
0.4,0.38,0.42,0.22,1,0.92,1.51015675920836
0.18,0.38,0.64,0.28,0.92,0.96,1.51338434696449
0.16,0.34,0.52,0.42,0.92,0.84,0.980615469309111
0.3,0.42,0.42,0.32,1,0.96,1.0252909924349
0.24,0.38,0.4,0.28,0.96,0.96,1.04422138695329
0.22,0.36,0.4,0.46,0.96,0.96,0.773875578537721
0.18,0.28,0.54,0.3,0.96,0.96,1.49549695508391
0.16,0.4,0.5,0.46,0.96,0.92,0.818925909374933
0.22,0.42,0.48,0.32,0.92,0.96,1.04908438430159
0.2,0.2,0.52,0.3,1,0.92,1.76057858458862
0.26,0.36,0.56,0.34,0.96,0.92,1.33575843148912
0.28,0.3,0.42,0.28,0.96,1,1.38586624281697
0.3,0.36,0.52,0.48,1,0.88,1.03696285362465
0.18,0.38,0.44,0.38,0.96,1,0.876626888765652
0.2,0.4,0.56,0.32,0.92,0.8,1.1762275248483
0.22,0.34,0.58,0.24,0.92,0.96,1.70166460179802
0.18,0.4,0.48,0.38,1,0.96,0.907482200108256
0.26,0.54,0.42,0.4,1,0.96,0.725601084357234
0.26,0.3,0.44,0.34,0.92,0.96,1.23148689842042
0.34,0.38,0.44,0.46,1,1,0.973625440839135
0.18,0.36,0.5,0.38,1,1,1.01746106987965
0.26,0.34,0.54,0.26,0.96,0.92,1.56763454069787
0.28,0.32,0.46,0.32,1,0.96,1.28961393765675
0.2,0.26,0.54,0.28,0.96,1,1.71171777099691
0.36,0.44,0.48,0.32,1,1,1.20767893086498
0.34,0.4,0.5,0.36,1,0.88,1.18569029328523
0.32,0.34,0.58,0.32,1,0.96,1.58925907776479
0.2,0.28,0.44,0.4,0.96,0.92,1.01892498292849
0.22,0.36,0.56,0.28,1,1,1.44082329362743
0.22,0.3,0.48,0.38,0.96,0.92,1.14071505035439
0.34,0.42,0.52,0.34,1,0.96,1.24625314640716
0.28,0.24,0.48,0.34,1,0.96,1.51862382260908
0.28,0.3,0.48,0.34,0.96,0.92,1.33629541044146
0.24,0.46,0.54,0.36,0.96,0.92,1.04196734463323
0.2,0.36,0.52,0.42,0.96,1,1.0307006974919
0.26,0.28,0.44,0.44,0.96,0.92,1.04170695283407
0.2,0.34,0.44,0.24,1,0.96,1.24602433368277
0.16,0.4,0.48,0.34,0.96,1,0.957458299039457
0.18,0.26,0.46,0.26,0.92,0.96,1.49131375148259
0.36,0.3,0.4,0.28,0.96,1,1.49468150140604
0.2,0.42,0.42,0.38,0.92,0.96,0.816737056221664
0.28,0.34,0.36,0.38,1,0.8,0.870329568059934
0.28,0.34,0.58,0.36,0.96,0.96,1.42442483012599
0.22,0.48,0.46,0.3,0.96,0.92,0.927683988937962
0.3,0.46,0.48,0.24,1,1,1.24031405409776
0.32,0.44,0.5,0.42,1,1,1.02356022485465
0.3,0.28,0.48,0.3,0.96,0.92,1.5544007804927
0.28,0.34,0.58,0.32,1,0.96,1.52040107484612
0.18,0.14,0.48,0.32,0.96,0.96,1.82187138369978
0.26,0.36,0.5,0.22,1,0.84,1.47691653226177
0.34,0.36,0.46,0.42,0.96,1,1.11365912432158
0.26,0.28,0.5,0.44,0.96,0.96,1.17734826921311
0.14,0.42,0.48,0.3,1,1,0.947916336284611
0.34,0.38,0.52,0.2,0.96,0.96,1.76539111540319
0.28,0.38,0.42,0.22,0.96,1,1.32549029262153
0.18,0.34,0.48,0.42,0.96,0.88,0.930332630587441
0.28,0.32,0.52,0.36,0.92,1,1.36815456222744
0.38,0.38,0.6,0.32,0.96,1,1.64411812273201
0.24,0.26,0.48,0.22,1,0.96,1.8542092688744
0.26,0.36,0.46,0.36,0.92,0.76,1.05412962894659
0.26,0.34,0.56,0.3,0.96,0.96,1.50942060019762
0.22,0.32,0.6,0.3,0.96,1,1.61694617364918
0.22,0.52,0.44,0.26,1,0.92,0.879882254543084
0.3,0.42,0.56,0.42,0.92,0.96,1.1417530268674
0.3,0.32,0.36,0.28,0.96,0.96,1.19027974536544
0.38,0.28,0.44,0.3,0.96,1,1.64733382453724
0.18,0.36,0.56,0.5,0.96,0.96,0.951568723400522
0.2,0.34,0.4,0.36,0.96,0.96,0.906296596515456
0.28,0.44,0.4,0.28,1,1,0.997189421294037
0.3,0.42,0.46,0.32,0.96,0.84,1.08681609905995
0.2,0.44,0.4,0.34,1,0.96,0.783608173998795
0.36,0.28,0.52,0.38,0.96,0.92,1.51449312039639
0.24,0.2,0.48,0.38,0.92,0.92,1.44874187891545
0.34,0.34,0.58,0.36,1,0.96,1.50870385381328
0.32,0.26,0.48,0.3,0.88,0.96,1.72182029251612
0.36,0.42,0.5,0.32,0.96,0.96,1.28777294412852
0.24,0.4,0.44,0.28,0.96,0.92,1.08456040909371
0.18,0.3,0.38,0.54,0.96,1,0.671271304449758
0.2,0.44,0.38,0.32,0.96,0.96,0.780072008177813
0.26,0.32,0.5,0.36,0.92,0.92,1.2628459208297
0.24,0.3,0.36,0.32,1,0.92,1.0040855134263
0.34,0.24,0.44,0.26,0.96,0.88,1.82764658362922
0.16,0.5,0.52,0.34,0.88,0.96,0.902180690354801
0.16,0.24,0.5,0.44,1,0.88,1.06384395281585
0.3,0.5,0.52,0.38,0.88,0.96,1.02354802662908
0.24,0.38,0.38,0.24,0.96,1,1.09255939040789
0.22,0.3,0.5,0.28,1,1,1.47041203081061
0.22,0.36,0.48,0.4,0.96,1,1.0140831891771
0.26,0.42,0.48,0.4,0.96,0.96,0.969661391164393
0.24,0.3,0.52,0.38,1,1,1.27663555810644
0.32,0.28,0.4,0.26,0.96,0.96,1.53230406204949
0.28,0.32,0.4,0.28,0.96,1,1.27217838722781
0.3,0.4,0.56,0.38,0.96,1,1.24865531672182
0.32,0.3,0.42,0.38,1,0.88,1.14765262689791
0.28,0.3,0.42,0.38,1,0.96,1.10505170495366
0.24,0.28,0.36,0.36,0.96,0.92,0.977687469548656
0.2,0.44,0.44,0.38,0.96,0.92,0.812313120501333
0.28,0.3,0.46,0.36,1,0.96,1.24047388260635
0.2,0.36,0.54,0.3,0.96,0.96,1.30195501921094
0.22,0.34,0.46,0.34,0.92,1,1.13137859731792
0.24,0.38,0.46,0.36,0.96,0.88,1.0087708836023
0.28,0.32,0.46,0.24,0.96,1,1.56880498904433
0.32,0.26,0.48,0.46,0.92,0.92,1.22764291851246
0.3,0.32,0.5,0.34,0.96,1,1.39577589374413
0.32,0.3,0.5,0.38,0.96,1,1.37751954440505
0.18,0.28,0.4,0.34,1,1,1.01676756893842
0.24,0.3,0.32,0.38,0.92,0.96,0.838250512899653
0.2,0.36,0.44,0.5,0.96,0.92,0.767837901102494
0.28,0.42,0.4,0.4,1,0.96,0.843381548810433
0.3,0.34,0.4,0.26,1,0.96,1.28142261729236
0.44,0.26,0.34,0.32,0.96,0.96,1.4731087151271
0.32,0.36,0.56,0.4,0.96,0.92,1.2946202432344
0.14,0.22,0.52,0.34,0.96,0.88,1.38644472023927
0.3,0.38,0.52,0.28,0.96,0.92,1.41228322544554
0.24,0.38,0.52,0.44,1,0.88,0.988879415347138
0.24,0.38,0.54,0.44,0.96,0.88,1.03354445797808
0.3,0.32,0.42,0.24,1,1,1.47932917579639
0.2,0.36,0.46,0.26,1,0.96,1.19372655546391
0.26,0.42,0.46,0.34,0.92,0.96,1.03415420730894
0.28,0.22,0.34,0.22,1,0.96,1.65378998947676
0.24,0.3,0.5,0.32,0.96,0.92,1.36702777457647
0.22,0.32,0.38,0.36,0.96,0.96,0.927789622205968
0.22,0.26,0.54,0.34,0.96,0.96,1.50890286648892
0.3,0.4,0.32,0.34,0.88,0.92,0.847737168491885
0.2,0.4,0.32,0.36,0.96,0.96,0.662509894384513
0.32,0.28,0.52,0.36,1,0.96,1.50672085901592
0.24,0.38,0.44,0.32,0.96,0.92,1.046539970671
0.28,0.34,0.42,0.34,1,1,1.11658966006148
0.2,0.38,0.44,0.3,0.96,1,1.04019959588124
0.26,0.48,0.36,0.32,0.96,0.96,0.77784177860908
0.08,0.24,0.46,0.38,0.96,0.96,0.983750666732733
0.28,0.26,0.46,0.38,1,1,1.30417625594819
0.26,0.32,0.52,0.26,1,1,1.60844329044443
0.26,0.3,0.56,0.32,1,0.84,1.50559636334959
0.24,0.34,0.48,0.28,0.92,0.96,1.34601977289155
0.24,0.32,0.46,0.36,1,0.96,1.12860455344777
0.36,0.26,0.38,0.24,0.96,0.96,1.73225034279207
0.3,0.28,0.44,0.34,0.92,1,1.37277909332453
0.2,0.24,0.42,0.42,1,0.96,1.00945349585484
0.38,0.42,0.46,0.36,1,1,1.15985612528684
0.32,0.36,0.46,0.4,0.96,0.92,1.10042720674924
0.22,0.32,0.54,0.46,1,0.96,1.07745458768975
0.24,0.46,0.58,0.28,1,1,1.27137446525514
0.18,0.14,0.54,0.3,1,0.88,2.08372190753797
0.26,0.4,0.54,0.24,1,1,1.46415732054599
0.26,0.4,0.52,0.42,0.96,1,1.04980827766138
0.3,0.34,0.4,0.34,0.96,0.96,1.10539092995811
0.28,0.28,0.64,0.28,0.96,1,2.09452954343195
0.34,0.3,0.48,0.28,0.96,0.88,1.61443487420994
0.28,0.28,0.48,0.24,1,1,1.78145799017671
0.26,0.4,0.56,0.18,0.96,0.96,1.71299552404278
0.28,0.36,0.58,0.26,1,1,1.66517747876064
0.2,0.4,0.48,0.3,0.96,0.96,1.07969507969508
0.28,0.38,0.56,0.36,1,1,1.29083319576445
0.4,0.28,0.44,0.3,0.96,1,1.68847590580468
0.32,0.32,0.52,0.34,0.96,0.92,1.44635802518468
0.34,0.32,0.6,0.3,1,0.88,1.76709573955969
0.26,0.32,0.48,0.36,0.92,1,1.24381761573298
0.26,0.24,0.48,0.4,0.96,0.96,1.31542307218596
0.28,0.28,0.48,0.34,0.92,1,1.43726906256727
0.16,0.3,0.56,0.4,0.96,0.96,1.18913401349992
0.26,0.38,0.4,0.38,0.96,0.92,0.897927850186594
0.22,0.46,0.46,0.22,1,0.88,1.07322892870484
0.26,0.32,0.4,0.32,1,0.96,1.10830851397349
0.3,0.22,0.54,0.3,1,0.96,1.99324703938309
0.26,0.3,0.4,0.36,0.92,1,1.10308534786372
0.26,0.42,0.46,0.34,0.96,0.96,1.02358363619505
0.3,0.28,0.54,0.36,0.96,0.92,1.51560492979581
0.42,0.34,0.34,0.26,0.92,0.92,1.36846294555296
0.38,0.34,0.48,0.3,1,1,1.53419690145869
0.3,0.36,0.42,0.44,0.92,0.88,0.936764023526166
0.28,0.4,0.46,0.3,1,1,1.16422262935119
0.32,0.26,0.48,0.44,1,1,1.27265881258876
0.16,0.3,0.5,0.38,1,0.96,1.08583255739159
0.28,0.26,0.56,0.34,0.92,0.92,1.67214838176767
0.28,0.24,0.48,0.44,1,0.88,1.21477325282958
0.34,0.26,0.44,0.4,0.96,0.88,1.28217571236524
0.26,0.38,0.52,0.24,0.96,0.92,1.45377775985064
0.2,0.22,0.5,0.36,0.92,0.96,1.44088644912067
0.34,0.36,0.42,0.32,1,1,1.21712136698378
0.18,0.4,0.42,0.24,0.96,0.96,1.02671223674045
0.34,0.36,0.52,0.44,1,0.96,1.17128045333005
0.2,0.4,0.44,0.32,1,0.96,0.947741286992829
0.26,0.28,0.44,0.3,0.92,0.96,1.39759583464374
0.24,0.44,0.58,0.28,0.96,1,1.32668097979897
0.34,0.26,0.6,0.28,1,0.88,2.10685952209528
0.12,0.3,0.52,0.4,0.96,0.96,1.03844825947071
0.22,0.32,0.64,0.34,0.96,0.88,1.53668553112636
0.34,0.5,0.4,0.3,1,1,0.958400411579974
0.28,0.28,0.48,0.16,1,0.96,2.21606185911105
0.34,0.32,0.54,0.34,1,0.84,1.48264420556189
0.3,0.3,0.48,0.34,0.96,1,1.40264846671441
0.3,0.4,0.48,0.44,1,0.96,0.984051148597985
0.4,0.2,0.46,0.38,1,1,1.72921231543419
0.26,0.42,0.42,0.38,1,0.96,0.878404257806439
0.22,0.36,0.42,0.14,0.96,0.96,1.51975567338939
0.24,0.3,0.38,0.3,0.96,1,1.14015786801249
0.24,0.42,0.38,0.36,0.96,0.72,0.771489255372314
0.28,0.32,0.54,0.32,1,0.88,1.45124582443459
0.24,0.28,0.5,0.42,1,1,1.187190910722
0.2,0.38,0.5,0.36,0.96,0.96,1.04877855033457
0.34,0.44,0.48,0.26,1,0.96,1.29192945938711
0.3,0.32,0.5,0.34,1,1,1.38305458405345
0.2,0.32,0.44,0.4,0.92,1,0.979774272093375
0.26,0.28,0.42,0.38,1,0.96,1.11273589858885
0.24,0.38,0.54,0.38,1,1,1.15123133485325
0.34,0.38,0.46,0.32,1,0.92,1.23625946256589
0.32,0.36,0.54,0.38,0.96,1,1.32130585408074
0.14,0.3,0.44,0.24,1,0.92,1.21829254857678
0.18,0.42,0.54,0.3,1,0.96,1.12618607516944
0.32,0.32,0.5,0.32,0.96,0.96,1.47129165173773
0.24,0.46,0.46,0.38,0.96,0.96,0.881766693064146
0.3,0.3,0.42,0.26,0.92,1,1.51084615151239
0.18,0.36,0.52,0.36,0.96,0.92,1.08516733357585
0.4,0.34,0.36,0.28,0.92,1,1.35691073692902
0.26,0.28,0.46,0.34,1,0.96,1.30554980719513
0.26,0.3,0.4,0.36,0.92,1,1.10308534786372
0.3,0.42,0.6,0.32,0.96,1,1.4137352841295
0.22,0.44,0.36,0.32,0.96,1,0.776804827173848
0.3,0.34,0.44,0.46,1,0.84,0.945567345382034
0.36,0.46,0.46,0.38,0.92,1,1.05337318790054
0.2,0.44,0.36,0.28,0.92,1,0.810656777593442
0.22,0.36,0.42,0.38,0.96,1,0.925335295463282
0.4,0.4,0.38,0.36,0.96,1,1.07898964818432
0.32,0.44,0.58,0.4,0.96,0.92,1.18330051514609
0.22,0.42,0.5,0.38,0.92,1,0.99970846168522
0.24,0.34,0.4,0.4,0.88,1,0.936673993226862
0.32,0.34,0.38,0.26,1,0.96,1.2676177939643
0.16,0.42,0.52,0.22,1,1,1.23412036788039
0.28,0.28,0.46,0.24,0.92,0.96,1.72608031491437
0.28,0.36,0.44,0.26,0.96,0.96,1.30592223190526
0.2,0.36,0.48,0.32,0.92,0.96,1.13145690898339
0.36,0.36,0.48,0.3,0.92,0.96,1.45000444261355
0.24,0.26,0.44,0.34,0.96,1,1.30013878930184
0.28,0.5,0.44,0.24,1,0.96,1.03589067851652
0.2,0.28,0.44,0.32,0.96,1,1.22143441840999
0.14,0.34,0.44,0.4,1,0.96,0.826783703336806
0.3,0.3,0.42,0.36,1,0.96,1.18159127625202
0.34,0.34,0.52,0.36,1,0.96,1.37864891370701
0.22,0.38,0.48,0.2,1,1,1.41464128749123
0.28,0.36,0.32,0.36,0.92,0.96,0.84270602278054
0.3,0.3,0.42,0.4,1,0.96,1.09791446713334
0.2,0.32,0.36,0.36,0.96,1,0.858557321368668
0.24,0.28,0.46,0.36,0.96,0.92,1.21753333038048
0.3,0.38,0.38,0.38,0.96,0.96,0.924671336072859
0.32,0.32,0.4,0.48,1,0.96,0.923119760580864
0.14,0.44,0.34,0.4,0.96,0.92,0.540821846967798
0.24,0.24,0.4,0.38,0.96,0.96,1.13039397710811
0.28,0.44,0.52,0.32,1,1,1.17004194565778
0.24,0.32,0.52,0.38,0.96,0.96,1.23039126159912
0.28,0.36,0.6,0.38,1,1,1.37256649898946
0.28,0.28,0.44,0.4,0.96,1,1.17426080940126
0.28,0.38,0.4,0.32,1,0.84,0.99285832272608
0.22,0.42,0.36,0.34,0.96,0.96,0.769803989859127
0.14,0.4,0.56,0.38,0.96,1,1.02250534446663
0.2,0.24,0.4,0.36,1,1,1.10040867574288
0.24,0.28,0.62,0.3,0.96,1,1.86111370298036
0.3,0.42,0.42,0.48,1,1,0.816822892624745
0.28,0.32,0.46,0.32,1,0.96,1.28961393765675
0.28,0.4,0.5,0.36,0.92,0.92,1.13125453877119
0.32,0.34,0.52,0.36,1,0.92,1.33336140740264
0.28,0.32,0.5,0.3,0.92,1,1.48835920013919
0.18,0.38,0.42,0.38,0.96,0.92,0.822124597953626
0.26,0.28,0.46,0.36,0.96,0.84,1.22587783447633
0.18,0.34,0.6,0.4,1,0.92,1.19924305555556
0.24,0.16,0.38,0.3,0.96,1,1.6402732460587
0.26,0.34,0.34,0.38,0.92,0.96,0.853680341950558
0.3,0.26,0.44,0.34,1,0.96,1.38679512006785
0.28,0.38,0.4,0.3,0.92,0.96,1.08434291168362
0.3,0.24,0.52,0.38,1,1,1.54961737514929
0.24,0.3,0.4,0.42,1,0.88,0.908311622426991
0.3,0.32,0.36,0.3,1,0.96,1.1275565076728
0.38,0.24,0.34,0.22,1,1,1.86239214453628
0.22,0.38,0.52,0.48,0.96,0.92,0.92665983130852
0.16,0.44,0.42,0.4,1,1,0.706013363028953
0.32,0.22,0.38,0.34,1,0.92,1.36884678136808
0.38,0.2,0.58,0.4,0.96,0.92,1.90221433248629
0.22,0.34,0.38,0.28,0.96,0.92,1.03062964947764
0.24,0.28,0.5,0.36,0.92,0.88,1.31193424201436
0.38,0.3,0.3,0.32,1,1,1.13834825483327
0.26,0.46,0.54,0.28,0.96,0.96,1.21936124480164
0.18,0.32,0.6,0.4,1,0.92,1.23986588360305
0.36,0.26,0.52,0.3,0.88,1,1.94799205790047
0.22,0.26,0.46,0.36,0.96,1,1.25926701385408
0.26,0.3,0.46,0.38,1,0.96,1.16177283019455
0.3,0.24,0.44,0.4,0.96,0.88,1.26184230701831
0.36,0.32,0.36,0.3,0.96,0.92,1.23859848277491
0.32,0.44,0.42,0.36,1,0.96,0.959938615620709
0.34,0.4,0.42,0.54,0.96,0.96,0.823621228801135
0.22,0.4,0.4,0.38,1,0.88,0.797697584509848
0.16,0.32,0.46,0.26,1,0.96,1.2198329674798
0.2,0.32,0.4,0.3,0.92,0.96,1.06946472551334
0.18,0.32,0.46,0.34,0.92,1,1.10535770178136
0.22,0.32,0.48,0.34,1,0.96,1.18383903112808
0.22,0.32,0.52,0.36,0.96,0.92,1.22967859526621
0.36,0.24,0.42,0.22,0.96,0.96,2.09633396703311
0.22,0.46,0.44,0.4,1,1,0.795798032034455
0.26,0.24,0.4,0.32,0.96,0.96,1.33257603980947
0.28,0.3,0.46,0.3,1,0.96,1.40059159545329
0.22,0.22,0.54,0.26,0.96,0.88,1.96966161489895
0.28,0.3,0.48,0.26,1,0.96,1.59010095298285
0.34,0.38,0.44,0.16,1,1,1.70529203539823
0.3,0.34,0.34,0.36,0.96,0.96,0.936195923023807
0.4,0.26,0.36,0.36,0.96,0.96,1.32753896913947
0.2,0.32,0.5,0.34,0.96,0.84,1.17094942338643
0.36,0.34,0.34,0.5,1,0.92,0.811297524688473
0.32,0.36,0.42,0.34,0.96,0.96,1.14159050709391
0.32,0.34,0.58,0.32,1,0.96,1.58925907776479
0.3,0.44,0.4,0.42,0.96,1,0.83738709620376
0.24,0.38,0.46,0.28,1,0.92,1.15916247103013
0.28,0.3,0.44,0.46,1,0.96,1.00275688939649
0.26,0.36,0.46,0.42,0.96,1,1.00058363823273
0.22,0.3,0.42,0.3,0.96,1,1.20745641704236
0.28,0.28,0.58,0.36,1,0.96,1.5806475089994
0.24,0.3,0.54,0.3,0.96,1,1.56675231955194
0.28,0.4,0.58,0.28,1,0.96,1.4645786107408
0.24,0.28,0.56,0.28,0.96,0.84,1.68415058606746
0.24,0.32,0.54,0.3,0.96,0.96,1.48391553359857
0.34,0.24,0.48,0.28,1,0.96,1.89626036441618
0.24,0.3,0.44,0.42,0.96,0.96,1.02084043116134
0.26,0.28,0.4,0.28,0.96,1,1.35047261400717
0.2,0.26,0.42,0.38,0.92,0.96,1.07560917577573
0.28,0.28,0.44,0.28,1,1,1.49464685418408
0.24,0.34,0.48,0.36,0.96,0.88,1.12132064364207
0.28,0.34,0.34,0.28,1,0.92,1.02783780201797
0.22,0.38,0.46,0.3,0.96,0.96,1.10755348755178
0.38,0.34,0.4,0.32,0.96,1,1.29917314433775
0.3,0.38,0.44,0.36,0.92,0.96,1.08762055624089
0.22,0.36,0.38,0.28,1,1,0.999363082567145
0.2,0.38,0.42,0.36,1,0.96,0.875920526335464
0.34,0.3,0.56,0.32,0.92,0.96,1.7343964044839
0.24,0.32,0.48,0.26,0.96,0.88,1.41634212311896
0.34,0.42,0.54,0.4,1,0.84,1.14458061813818
0.32,0.38,0.54,0.26,0.96,0.96,1.56828672278034
0.3,0.38,0.42,0.26,0.96,0.96,1.24147168237458
0.22,0.3,0.44,0.34,1,0.92,1.12122369772418
0.32,0.28,0.44,0.34,0.96,0.88,1.34912907866065
0.22,0.38,0.34,0.38,0.92,0.92,0.734567583014871
0.3,0.36,0.3,0.26,0.96,1,1.00129161248087
0.26,0.32,0.48,0.38,0.92,0.92,1.17564832682261
0.16,0.3,0.46,0.26,0.96,1,1.31018139282452
0.32,0.4,0.46,0.46,0.96,0.96,0.957158314406309
0.24,0.34,0.46,0.36,1,0.92,1.07789067957413
0.28,0.36,0.4,0.36,0.88,1,1.03140949945837
0.26,0.28,0.5,0.28,0.96,0.92,1.5995502593395
0.4,0.36,0.32,0.44,0.96,1,0.902085369827305
0.18,0.34,0.3,0.3,1,0.88,0.706840515742523
0.26,0.28,0.46,0.2,1,1,1.86607425552834
0.24,0.44,0.5,0.34,1,0.96,1.02951624390511
0.2,0.32,0.62,0.46,0.96,0.96,1.21156909968684
